"location","date","total_cases","population","percentage_cases_population"
Brazil,"2020-02-26",1.0,215313504,0.0
Brazil,"2020-02-27",1.0,215313504,0.0
Brazil,"2020-02-28",1.0,215313504,0.0
Brazil,"2020-02-29",2.0,215313504,0.0
Brazil,"2020-03-01",2.0,215313504,0.0
Brazil,"2020-03-02",2.0,215313504,0.0
Brazil,"2020-03-03",2.0,215313504,0.0
Brazil,"2020-03-04",4.0,215313504,0.0
Brazil,"2020-03-05",4.0,215313504,0.0
Brazil,"2020-03-06",13.0,215313504,0.00001
Brazil,"2020-03-07",13.0,215313504,0.00001
Brazil,"2020-03-08",20.0,215313504,0.00001
Brazil,"2020-03-09",25.0,215313504,0.00001
Brazil,"2020-03-10",31.0,215313504,0.00001
Brazil,"2020-03-11",38.0,215313504,0.00002
Brazil,"2020-03-12",52.0,215313504,0.00002
Brazil,"2020-03-13",151.0,215313504,0.00007
Brazil,"2020-03-14",151.0,215313504,0.00007
Brazil,"2020-03-15",162.0,215313504,0.00008
Brazil,"2020-03-16",200.0,215313504,0.00009
Brazil,"2020-03-17",321.0,215313504,0.00015
Brazil,"2020-03-18",372.0,215313504,0.00017
Brazil,"2020-03-19",621.0,215313504,0.00029
Brazil,"2020-03-20",793.0,215313504,0.00037
Brazil,"2020-03-21",1021.0,215313504,0.00047
Brazil,"2020-03-22",1546.0,215313504,0.00072
Brazil,"2020-03-23",1924.0,215313504,0.00089
Brazil,"2020-03-24",2247.0,215313504,0.00104
Brazil,"2020-03-25",2554.0,215313504,0.00119
Brazil,"2020-03-26",2985.0,215313504,0.00139
Brazil,"2020-03-27",3417.0,215313504,0.00159
Brazil,"2020-03-28",3904.0,215313504,0.00181
Brazil,"2020-03-29",4256.0,215313504,0.00198
Brazil,"2020-03-30",4579.0,215313504,0.00213
Brazil,"2020-03-31",5717.0,215313504,0.00266
Brazil,"2020-04-01",6836.0,215313504,0.00317
Brazil,"2020-04-02",8044.0,215313504,0.00374
Brazil,"2020-04-03",9056.0,215313504,0.00421
Brazil,"2020-04-04",10360.0,215313504,0.00481
Brazil,"2020-04-05",11130.0,215313504,0.00517
Brazil,"2020-04-06",12161.0,215313504,0.00565
Brazil,"2020-04-07",14034.0,215313504,0.00652
Brazil,"2020-04-08",16170.0,215313504,0.00751
Brazil,"2020-04-09",18092.0,215313504,0.0084
Brazil,"2020-04-10",19638.0,215313504,0.00912
Brazil,"2020-04-11",20727.0,215313504,0.00963
Brazil,"2020-04-12",22192.0,215313504,0.01031
Brazil,"2020-04-13",23430.0,215313504,0.01088
Brazil,"2020-04-14",25262.0,215313504,0.01173
Brazil,"2020-04-15",28320.0,215313504,0.01315
Brazil,"2020-04-16",30425.0,215313504,0.01413
Brazil,"2020-04-17",33682.0,215313504,0.01564
Brazil,"2020-04-18",36658.0,215313504,0.01703
Brazil,"2020-04-19",38654.0,215313504,0.01795
Brazil,"2020-04-20",40743.0,215313504,0.01892
Brazil,"2020-04-21",43079.0,215313504,0.02001
Brazil,"2020-04-22",45757.0,215313504,0.02125
Brazil,"2020-04-23",50036.0,215313504,0.02324
Brazil,"2020-04-24",54043.0,215313504,0.0251
Brazil,"2020-04-25",59324.0,215313504,0.02755
Brazil,"2020-04-26",63100.0,215313504,0.02931
Brazil,"2020-04-27",67446.0,215313504,0.03132
Brazil,"2020-04-28",73235.0,215313504,0.03401
Brazil,"2020-04-29",79685.0,215313504,0.03701
Brazil,"2020-04-30",87187.0,215313504,0.04049
Brazil,"2020-05-01",92202.0,215313504,0.04282
Brazil,"2020-05-02",97100.0,215313504,0.0451
Brazil,"2020-05-03",101826.0,215313504,0.04729
Brazil,"2020-05-04",108620.0,215313504,0.05045
Brazil,"2020-05-05",115455.0,215313504,0.05362
Brazil,"2020-05-06",126611.0,215313504,0.0588
Brazil,"2020-05-07",135773.0,215313504,0.06306
Brazil,"2020-05-08",146894.0,215313504,0.06822
Brazil,"2020-05-09",156061.0,215313504,0.07248
Brazil,"2020-05-10",162699.0,215313504,0.07556
Brazil,"2020-05-11",169594.0,215313504,0.07877
Brazil,"2020-05-12",178214.0,215313504,0.08277
Brazil,"2020-05-13",190137.0,215313504,0.08831
Brazil,"2020-05-14",203165.0,215313504,0.09436
Brazil,"2020-05-15",220291.0,215313504,0.10231
Brazil,"2020-05-16",233511.0,215313504,0.10845
Brazil,"2020-05-17",241080.0,215313504,0.11197
Brazil,"2020-05-18",255368.0,215313504,0.1186
Brazil,"2020-05-19",271885.0,215313504,0.12627
Brazil,"2020-05-20",294624.0,215313504,0.13683
Brazil,"2020-05-21",312761.0,215313504,0.14526
Brazil,"2020-05-22",334568.0,215313504,0.15539
Brazil,"2020-05-23",351565.0,215313504,0.16328
Brazil,"2020-05-24",366033.0,215313504,0.17
Brazil,"2020-05-25",378840.0,215313504,0.17595
Brazil,"2020-05-26",395167.0,215313504,0.18353
Brazil,"2020-05-27",415366.0,215313504,0.19291
Brazil,"2020-05-28",443703.0,215313504,0.20607
Brazil,"2020-05-29",470593.0,215313504,0.21856
Brazil,"2020-05-30",502914.0,215313504,0.23357
Brazil,"2020-05-31",516137.0,215313504,0.23971
Brazil,"2020-06-01",531286.0,215313504,0.24675
Brazil,"2020-06-02",562963.0,215313504,0.26146
Brazil,"2020-06-03",589048.0,215313504,0.27358
Brazil,"2020-06-04",621002.0,215313504,0.28842
Brazil,"2020-06-05",653103.0,215313504,0.30333
Brazil,"2020-06-06",676893.0,215313504,0.31438
Brazil,"2020-06-07",694881.0,215313504,0.32273
Brazil,"2020-06-08",712219.0,215313504,0.33078
Brazil,"2020-06-09",743917.0,215313504,0.3455
Brazil,"2020-06-10",777707.0,215313504,0.3612
Brazil,"2020-06-11",806399.0,215313504,0.37452
Brazil,"2020-06-12",830681.0,215313504,0.3858
Brazil,"2020-06-13",851911.0,215313504,0.39566
Brazil,"2020-06-14",868705.0,215313504,0.40346
Brazil,"2020-06-15",893322.0,215313504,0.41489
Brazil,"2020-06-16",930305.0,215313504,0.43207
Brazil,"2020-06-17",961230.0,215313504,0.44643
Brazil,"2020-06-18",986750.0,215313504,0.45829
Brazil,"2020-06-19",1042809.0,215313504,0.48432
Brazil,"2020-06-20",1106332.0,215313504,0.51382
Brazil,"2020-06-21",1086536.0,215313504,0.50463
Brazil,"2020-06-22",1114728.0,215313504,0.51772
Brazil,"2020-06-23",1154255.0,215313504,0.53608
Brazil,"2020-06-24",1195288.0,215313504,0.55514
Brazil,"2020-06-25",1236752.0,215313504,0.5744
Brazil,"2020-06-26",1281636.0,215313504,0.59524
Brazil,"2020-06-27",1318556.0,215313504,0.61239
Brazil,"2020-06-28",1351439.0,215313504,0.62766
Brazil,"2020-06-29",1372989.0,215313504,0.63767
Brazil,"2020-06-30",1412669.0,215313504,0.6561
Brazil,"2020-07-01",1459494.0,215313504,0.67785
Brazil,"2020-07-02",1503895.0,215313504,0.69847
Brazil,"2020-07-03",1546935.0,215313504,0.71846
Brazil,"2020-07-04",1580502.0,215313504,0.73405
Brazil,"2020-07-05",1605695.0,215313504,0.74575
Brazil,"2020-07-06",1630149.0,215313504,0.7571
Brazil,"2020-07-07",1676848.0,215313504,0.77879
Brazil,"2020-07-08",1722098.0,215313504,0.79981
Brazil,"2020-07-09",1765060.0,215313504,0.81976
Brazil,"2020-07-10",1809371.0,215313504,0.84034
Brazil,"2020-07-11",1844318.0,215313504,0.85657
Brazil,"2020-07-12",1867976.0,215313504,0.86756
Brazil,"2020-07-13",1890869.0,215313504,0.87819
Brazil,"2020-07-14",1933791.0,215313504,0.89813
Brazil,"2020-07-15",1973933.0,215313504,0.91677
Brazil,"2020-07-16",2017616.0,215313504,0.93706
Brazil,"2020-07-17",2052234.0,215313504,0.95314
Brazil,"2020-07-18",2077987.0,215313504,0.9651
Brazil,"2020-07-19",2101399.0,215313504,0.97597
Brazil,"2020-07-20",2124152.0,215313504,0.98654
Brazil,"2020-07-21",2171079.0,215313504,1.00833
Brazil,"2020-07-22",2237229.0,215313504,1.03906
Brazil,"2020-07-23",2294555.0,215313504,1.06568
Brazil,"2020-07-24",2351458.0,215313504,1.09211
Brazil,"2020-07-25",2398993.0,215313504,1.11419
Brazil,"2020-07-26",2421666.0,215313504,1.12472
Brazil,"2020-07-27",2449677.0,215313504,1.13773
Brazil,"2020-07-28",2503681.0,215313504,1.16281
Brazil,"2020-07-29",2559132.0,215313504,1.18856
Brazil,"2020-07-30",2617187.0,215313504,1.21552
Brazil,"2020-07-31",2670451.0,215313504,1.24026
Brazil,"2020-08-01",2711992.0,215313504,1.25955
Brazil,"2020-08-02",2736058.0,215313504,1.27073
Brazil,"2020-08-03",2756164.0,215313504,1.28007
Brazil,"2020-08-04",2812447.0,215313504,1.30621
Brazil,"2020-08-05",2868616.0,215313504,1.3323
Brazil,"2020-08-06",2922605.0,215313504,1.35737
Brazil,"2020-08-07",2972008.0,215313504,1.38032
Brazil,"2020-08-08",3018397.0,215313504,1.40186
Brazil,"2020-08-09",3041127.0,215313504,1.41242
Brazil,"2020-08-10",3067633.0,215313504,1.42473
Brazil,"2020-08-11",3118153.0,215313504,1.44819
Brazil,"2020-08-12",3173107.0,215313504,1.47371
Brazil,"2020-08-13",3233820.0,215313504,1.50191
Brazil,"2020-08-14",3283227.0,215313504,1.52486
Brazil,"2020-08-15",3320108.0,215313504,1.54199
Brazil,"2020-08-16",3343114.0,215313504,1.55267
Brazil,"2020-08-17",3367511.0,215313504,1.564
Brazil,"2020-08-18",3416775.0,215313504,1.58688
Brazil,"2020-08-19",3465378.0,215313504,1.60946
Brazil,"2020-08-20",3508352.0,215313504,1.62942
Brazil,"2020-08-21",3540678.0,215313504,1.64443
Brazil,"2020-08-22",3586586.0,215313504,1.66575
Brazil,"2020-08-23",3608459.0,215313504,1.67591
Brazil,"2020-08-24",3631972.0,215313504,1.68683
Brazil,"2020-08-25",3678279.0,215313504,1.70834
Brazil,"2020-08-26",3726431.0,215313504,1.7307
Brazil,"2020-08-27",3768691.0,215313504,1.75033
Brazil,"2020-08-28",3812779.0,215313504,1.7708
Brazil,"2020-08-29",3850070.0,215313504,1.78812
Brazil,"2020-08-30",3864604.0,215313504,1.79487
Brazil,"2020-08-31",3914829.0,215313504,1.8182
Brazil,"2020-09-01",3959158.0,215313504,1.83879
Brazil,"2020-09-02",4005611.0,215313504,1.86036
Brazil,"2020-09-03",4052420.0,215313504,1.8821
Brazil,"2020-09-04",4091959.0,215313504,1.90047
Brazil,"2020-09-05",4125816.0,215313504,1.91619
Brazil,"2020-09-06",4140488.0,215313504,1.923
Brazil,"2020-09-07",4150004.0,215313504,1.92742
Brazil,"2020-09-08",4168790.0,215313504,1.93615
Brazil,"2020-09-09",4205877.0,215313504,1.95337
Brazil,"2020-09-10",4246638.0,215313504,1.9723
Brazil,"2020-09-11",4288171.0,215313504,1.99159
Brazil,"2020-09-12",4318971.0,215313504,2.0059
Brazil,"2020-09-13",4332991.0,215313504,2.01241
Brazil,"2020-09-14",4353602.0,215313504,2.02198
Brazil,"2020-09-15",4388154.0,215313504,2.03803
Brazil,"2020-09-16",4425451.0,215313504,2.05535
Brazil,"2020-09-17",4461856.0,215313504,2.07226
Brazil,"2020-09-18",4501587.0,215313504,2.09071
Brazil,"2020-09-19",4531145.0,215313504,2.10444
Brazil,"2020-09-20",4546587.0,215313504,2.11161
Brazil,"2020-09-21",4564222.0,215313504,2.1198
Brazil,"2020-09-22",4599189.0,215313504,2.13604
Brazil,"2020-09-23",4631915.0,215313504,2.15124
Brazil,"2020-09-24",4663930.0,215313504,2.16611
Brazil,"2020-09-25",4696240.0,215313504,2.18112
Brazil,"2020-09-26",4720958.0,215313504,2.1926
Brazil,"2020-09-27",4734745.0,215313504,2.199
Brazil,"2020-09-28",4751616.0,215313504,2.20684
Brazil,"2020-09-29",4784464.0,215313504,2.22209
Brazil,"2020-09-30",4817365.0,215313504,2.23737
Brazil,"2020-10-01",4853148.0,215313504,2.25399
Brazil,"2020-10-02",4885966.0,215313504,2.26923
Brazil,"2020-10-03",4908974.0,215313504,2.27992
Brazil,"2020-10-04",4917689.0,215313504,2.28397
Brazil,"2020-10-05",4943742.0,215313504,2.29607
Brazil,"2020-10-06",4975268.0,215313504,2.31071
Brazil,"2020-10-07",5006206.0,215313504,2.32508
Brazil,"2020-10-08",5033036.0,215313504,2.33754
Brazil,"2020-10-09",5060769.0,215313504,2.35042
Brazil,"2020-10-10",5084513.0,215313504,2.36145
Brazil,"2020-10-11",5096704.0,215313504,2.36711
Brazil,"2020-10-12",5105340.0,215313504,2.37112
Brazil,"2020-10-13",5118699.0,215313504,2.37732
Brazil,"2020-10-14",5146543.0,215313504,2.39026
Brazil,"2020-10-15",5176969.0,215313504,2.40439
Brazil,"2020-10-16",5205565.0,215313504,2.41767
Brazil,"2020-10-17",5226341.0,215313504,2.42732
Brazil,"2020-10-18",5238392.0,215313504,2.43291
Brazil,"2020-10-19",5254971.0,215313504,2.44061
Brazil,"2020-10-20",5278737.0,215313504,2.45165
Brazil,"2020-10-21",5304593.0,215313504,2.46366
Brazil,"2020-10-22",5329357.0,215313504,2.47516
Brazil,"2020-10-23",5359358.0,215313504,2.4891
Brazil,"2020-10-24",5384342.0,215313504,2.5007
Brazil,"2020-10-25",5396596.0,215313504,2.50639
Brazil,"2020-10-26",5415207.0,215313504,2.51503
Brazil,"2020-10-27",5445189.0,215313504,2.52896
Brazil,"2020-10-28",5473540.0,215313504,2.54213
Brazil,"2020-10-29",5500240.0,215313504,2.55453
Brazil,"2020-10-30",5524593.0,215313504,2.56584
Brazil,"2020-10-31",5537763.0,215313504,2.57195
Brazil,"2020-11-01",5547951.0,215313504,2.57669
Brazil,"2020-11-02",5556200.0,215313504,2.58052
Brazil,"2020-11-03",5570782.0,215313504,2.58729
Brazil,"2020-11-04",5594098.0,215313504,2.59812
Brazil,"2020-11-05",5617943.0,215313504,2.60919
Brazil,"2020-11-06",5638143.0,215313504,2.61857
Brazil,"2020-11-07",5655887.0,215313504,2.62681
Brazil,"2020-11-08",5666389.0,215313504,2.63169
Brazil,"2020-11-09",5679803.0,215313504,2.63792
Brazil,"2020-11-10",5726227.0,215313504,2.65948
Brazil,"2020-11-11",5752474.0,215313504,2.67167
Brazil,"2020-11-12",5786393.0,215313504,2.68743
Brazil,"2020-11-13",5825111.0,215313504,2.70541
Brazil,"2020-11-14",5851389.0,215313504,2.71761
Brazil,"2020-11-15",5865295.0,215313504,2.72407
Brazil,"2020-11-16",5881039.0,215313504,2.73138
Brazil,"2020-11-17",5916529.0,215313504,2.74787
Brazil,"2020-11-18",5951281.0,215313504,2.76401
Brazil,"2020-11-19",5987143.0,215313504,2.78066
Brazil,"2020-11-20",6025913.0,215313504,2.79867
Brazil,"2020-11-21",6056135.0,215313504,2.81271
Brazil,"2020-11-22",6074061.0,215313504,2.82103
Brazil,"2020-11-23",6092219.0,215313504,2.82946
Brazil,"2020-11-24",6126752.0,215313504,2.8455
Brazil,"2020-11-25",6171380.0,215313504,2.86623
Brazil,"2020-11-26",6212265.0,215313504,2.88522
Brazil,"2020-11-27",6245773.0,215313504,2.90078
Brazil,"2020-11-28",6297258.0,215313504,2.92469
Brazil,"2020-11-29",6318270.0,215313504,2.93445
Brazil,"2020-11-30",6341965.0,215313504,2.94546
Brazil,"2020-12-01",6393950.0,215313504,2.9696
Brazil,"2020-12-02",6442425.0,215313504,2.99211
Brazil,"2020-12-03",6492564.0,215313504,3.0154
Brazil,"2020-12-04",6540235.0,215313504,3.03754
Brazil,"2020-12-05",6580517.0,215313504,3.05625
Brazil,"2020-12-06",6606947.0,215313504,3.06852
Brazil,"2020-12-07",6633971.0,215313504,3.08108
Brazil,"2020-12-08",6681767.0,215313504,3.10327
Brazil,"2020-12-09",6736358.0,215313504,3.12863
Brazil,"2020-12-10",6789908.0,215313504,3.1535
Brazil,"2020-12-11",6842458.0,215313504,3.1779
Brazil,"2020-12-12",6884782.0,215313504,3.19756
Brazil,"2020-12-13",6906811.0,215313504,3.20779
Brazil,"2020-12-14",6934191.0,215313504,3.22051
Brazil,"2020-12-15",6982223.0,215313504,3.24282
Brazil,"2020-12-16",7048347.0,215313504,3.27353
Brazil,"2020-12-17",7117046.0,215313504,3.30543
Brazil,"2020-12-18",7169899.0,215313504,3.32998
Brazil,"2020-12-19",7218141.0,215313504,3.35239
Brazil,"2020-12-20",7242625.0,215313504,3.36376
Brazil,"2020-12-21",7270270.0,215313504,3.3766
Brazil,"2020-12-22",7326935.0,215313504,3.40291
Brazil,"2020-12-23",7372614.0,215313504,3.42413
Brazil,"2020-12-24",7430825.0,215313504,3.45117
Brazil,"2020-12-25",7452008.0,215313504,3.461
Brazil,"2020-12-26",7469541.0,215313504,3.46915
Brazil,"2020-12-27",7487155.0,215313504,3.47733
Brazil,"2020-12-28",7514592.0,215313504,3.49007
Brazil,"2020-12-29",7570963.0,215313504,3.51625
Brazil,"2020-12-30",7626563.0,215313504,3.54207
Brazil,"2020-12-31",7681032.0,215313504,3.56737
Brazil,"2021-01-01",7703971.0,215313504,3.57802
Brazil,"2021-01-02",7719324.0,215313504,3.58516
Brazil,"2021-01-03",7736514.0,215313504,3.59314
Brazil,"2021-01-04",7761553.0,215313504,3.60477
Brazil,"2021-01-05",7819636.0,215313504,3.63174
Brazil,"2021-01-06",7882143.0,215313504,3.66078
Brazil,"2021-01-07",7970112.0,215313504,3.70163
Brazil,"2021-01-08",8029698.0,215313504,3.72931
Brazil,"2021-01-09",8081091.0,215313504,3.75317
Brazil,"2021-01-10",8110118.0,215313504,3.76666
Brazil,"2021-01-11",8140865.0,215313504,3.78094
Brazil,"2021-01-12",8205289.0,215313504,3.81086
Brazil,"2021-01-13",8265116.0,215313504,3.83864
Brazil,"2021-01-14",8333445.0,215313504,3.87038
Brazil,"2021-01-15",8402542.0,215313504,3.90247
Brazil,"2021-01-16",8460987.0,215313504,3.92961
Brazil,"2021-01-17",8492403.0,215313504,3.9442
Brazil,"2021-01-18",8521336.0,215313504,3.95764
Brazil,"2021-01-19",8583485.0,215313504,3.98651
Brazil,"2021-01-20",8647962.0,215313504,4.01645
Brazil,"2021-01-21",8706912.0,215313504,4.04383
Brazil,"2021-01-22",8763517.0,215313504,4.07012
Brazil,"2021-01-23",8821815.0,215313504,4.0972
Brazil,"2021-01-24",8850334.0,215313504,4.11044
Brazil,"2021-01-25",8880864.0,215313504,4.12462
Brazil,"2021-01-26",8942472.0,215313504,4.15323
Brazil,"2021-01-27",9007244.0,215313504,4.18332
Brazil,"2021-01-28",9068004.0,215313504,4.21154
Brazil,"2021-01-29",9127507.0,215313504,4.23917
Brazil,"2021-01-30",9180621.0,215313504,4.26384
Brazil,"2021-01-31",9208521.0,215313504,4.2768
Brazil,"2021-02-01",9237011.0,215313504,4.29003
Brazil,"2021-02-02",9293289.0,215313504,4.31617
Brazil,"2021-02-03",9347703.0,215313504,4.34144
Brazil,"2021-02-04",9404810.0,215313504,4.36796
Brazil,"2021-02-05",9456500.0,215313504,4.39197
Brazil,"2021-02-06",9502810.0,215313504,4.41348
Brazil,"2021-02-07",9528972.0,215313504,4.42563
Brazil,"2021-02-08",9557558.0,215313504,4.4389
Brazil,"2021-02-09",9608775.0,215313504,4.46269
Brazil,"2021-02-10",9669883.0,215313504,4.49107
Brazil,"2021-02-11",9723487.0,215313504,4.51597
Brazil,"2021-02-12",9772429.0,215313504,4.5387
Brazil,"2021-02-13",9817285.0,215313504,4.55953
Brazil,"2021-02-14",9848008.0,215313504,4.5738
Brazil,"2021-02-15",9873816.0,215313504,4.58579
Brazil,"2021-02-16",9939100.0,215313504,4.61611
Brazil,"2021-02-17",9986325.0,215313504,4.63804
Brazil,"2021-02-18",10039804,215313504,4.66288
Brazil,"2021-02-19",10091961,215313504,4.6871
Brazil,"2021-02-20",10144332,215313504,4.71142
Brazil,"2021-02-21",10173817,215313504,4.72512
Brazil,"2021-02-22",10205663,215313504,4.73991
Brazil,"2021-02-23",10269248,215313504,4.76944
Brazil,"2021-02-24",10334634,215313504,4.79981
Brazil,"2021-02-25",10402913,215313504,4.83152
Brazil,"2021-02-26",10466308,215313504,4.86096
Brazil,"2021-02-27",10524726,215313504,4.88809
Brazil,"2021-02-28",10558091,215313504,4.90359
Brazil,"2021-03-01",10598476,215313504,4.92235
Brazil,"2021-03-02",10658171,215313504,4.95007
Brazil,"2021-03-03",10731070,215313504,4.98393
Brazil,"2021-03-04",10807092,215313504,5.01924
Brazil,"2021-03-05",10879597,215313504,5.05291
Brazil,"2021-03-06",10946501,215313504,5.08398
Brazil,"2021-03-07",11028185,215313504,5.12192
Brazil,"2021-03-08",11064770,215313504,5.13891
Brazil,"2021-03-09",11136064,215313504,5.17202
Brazil,"2021-03-10",11217531,215313504,5.20986
Brazil,"2021-03-11",11294602,215313504,5.24565
Brazil,"2021-03-12",11377073,215313504,5.28396
Brazil,"2021-03-13",11447416,215313504,5.31663
Brazil,"2021-03-14",11490864,215313504,5.33681
Brazil,"2021-03-15",11535178,215313504,5.35739
Brazil,"2021-03-16",11620823,215313504,5.39716
Brazil,"2021-03-17",11709475,215313504,5.43834
Brazil,"2021-03-18",11797401,215313504,5.47917
Brazil,"2021-03-19",11885660,215313504,5.52016
Brazil,"2021-03-20",11958814,215313504,5.55414
Brazil,"2021-03-21",12006259,215313504,5.57618
Brazil,"2021-03-22",12062229,215313504,5.60217
Brazil,"2021-03-23",12147437,215313504,5.64174
Brazil,"2021-03-24",12238343,215313504,5.68396
Brazil,"2021-03-25",12336604,215313504,5.7296
Brazil,"2021-03-26",12416950,215313504,5.76692
Brazil,"2021-03-27",12498653,215313504,5.80486
Brazil,"2021-03-28",12545611,215313504,5.82667
Brazil,"2021-03-29",12588226,215313504,5.84646
Brazil,"2021-03-30",12674667,215313504,5.88661
Brazil,"2021-03-31",12763392,215313504,5.92782
Brazil,"2021-04-01",12851165,215313504,5.96858
Brazil,"2021-04-02",12920540,215313504,6.0008
Brazil,"2021-04-03",12959895,215313504,6.01908
Brazil,"2021-04-04",12992213,215313504,6.03409
Brazil,"2021-04-05",13034887,215313504,6.05391
Brazil,"2021-04-06",13120019,215313504,6.09345
Brazil,"2021-04-07",13208715,215313504,6.13464
Brazil,"2021-04-08",13297270,215313504,6.17577
Brazil,"2021-04-09",13385380,215313504,6.21669
Brazil,"2021-04-10",13451932,215313504,6.2476
Brazil,"2021-04-11",13491107,215313504,6.2658
Brazil,"2021-04-12",13530757,215313504,6.28421
Brazil,"2021-04-13",13613418,215313504,6.3226
Brazil,"2021-04-14",13688024,215313504,6.35725
Brazil,"2021-04-15",13759207,215313504,6.39031
Brazil,"2021-04-16",13843594,215313504,6.42951
Brazil,"2021-04-17",13912159,215313504,6.46135
Brazil,"2021-04-18",13950997,215313504,6.47939
Brazil,"2021-04-19",13987519,215313504,6.49635
Brazil,"2021-04-20",14060162,215313504,6.53009
Brazil,"2021-04-21",14134150,215313504,6.56445
Brazil,"2021-04-22",14182258,215313504,6.58679
Brazil,"2021-04-23",14251539,215313504,6.61897
Brazil,"2021-04-24",14315320,215313504,6.64859
Brazil,"2021-04-25",14348961,215313504,6.66422
Brazil,"2021-04-26",14381359,215313504,6.67926
Brazil,"2021-04-27",14457203,215313504,6.71449
Brazil,"2021-04-28",14534482,215313504,6.75038
Brazil,"2021-04-29",14603096,215313504,6.78225
Brazil,"2021-04-30",14675104,215313504,6.81569
Brazil,"2021-05-01",14733396,215313504,6.84276
Brazil,"2021-05-02",14762684,215313504,6.85637
Brazil,"2021-05-03",14801673,215313504,6.87447
Brazil,"2021-05-04",14871208,215313504,6.90677
Brazil,"2021-05-05",14947580,215313504,6.94224
Brazil,"2021-05-06",15019870,215313504,6.97581
Brazil,"2021-05-07",15096714,215313504,7.0115
Brazil,"2021-05-08",15158475,215313504,7.04019
Brazil,"2021-05-09",15191195,215313504,7.05538
Brazil,"2021-05-10",15227496,215313504,7.07224
Brazil,"2021-05-11",15297602,215313504,7.1048
Brazil,"2021-05-12",15373850,215313504,7.14022
Brazil,"2021-05-13",15453880,215313504,7.17739
Brazil,"2021-05-14",15531794,215313504,7.21357
Brazil,"2021-05-15",15599145,215313504,7.24485
Brazil,"2021-05-16",15636709,215313504,7.2623
Brazil,"2021-05-17",15672307,215313504,7.27883
Brazil,"2021-05-18",15747112,215313504,7.31357
Brazil,"2021-05-19",15827375,215313504,7.35085
Brazil,"2021-05-20",15910762,215313504,7.38958
Brazil,"2021-05-21",15987393,215313504,7.42517
Brazil,"2021-05-22",16055289,215313504,7.4567
Brazil,"2021-05-23",16093784,215313504,7.47458
Brazil,"2021-05-24",16131264,215313504,7.49199
Brazil,"2021-05-25",16205305,215313504,7.52638
Brazil,"2021-05-26",16285550,215313504,7.56365
Brazil,"2021-05-27",16350081,215313504,7.59362
Brazil,"2021-05-28",16403969,215313504,7.61864
Brazil,"2021-05-29",16479832,215313504,7.65388
Brazil,"2021-05-30",16521281,215313504,7.67313
Brazil,"2021-05-31",16557888,215313504,7.69013
Brazil,"2021-06-01",16636801,215313504,7.72678
Brazil,"2021-06-02",16733079,215313504,7.7715
Brazil,"2021-06-03",16809146,215313504,7.80682
Brazil,"2021-06-04",16852317,215313504,7.82687
Brazil,"2021-06-05",16913984,215313504,7.85551
Brazil,"2021-06-06",16954327,215313504,7.87425
Brazil,"2021-06-07",16994043,215313504,7.8927
Brazil,"2021-06-08",17049756,215313504,7.91857
Brazil,"2021-06-09",17134623,215313504,7.95799
Brazil,"2021-06-10",17225867,215313504,8.00037
Brazil,"2021-06-11",17312179,215313504,8.04045
Brazil,"2021-06-12",17385952,215313504,8.07472
Brazil,"2021-06-13",17422936,215313504,8.09189
Brazil,"2021-06-14",17465628,215313504,8.11172
Brazil,"2021-06-15",17552769,215313504,8.15219
Brazil,"2021-06-16",17639297,215313504,8.19238
Brazil,"2021-06-17",17715789,215313504,8.2279
Brazil,"2021-06-18",17811233,215313504,8.27223
Brazil,"2021-06-19",17889167,215313504,8.30843
Brazil,"2021-06-20",17933754,215313504,8.32914
Brazil,"2021-06-21",17979164,215313504,8.35023
Brazil,"2021-06-22",18103412,215313504,8.40793
Brazil,"2021-06-23",18180808,215313504,8.44388
Brazil,"2021-06-24",18257432,215313504,8.47946
Brazil,"2021-06-25",18332493,215313504,8.51433
Brazil,"2021-06-26",18393158,215313504,8.5425
Brazil,"2021-06-27",18425138,215313504,8.55735
Brazil,"2021-06-28",18457197,215313504,8.57224
Brazil,"2021-06-29",18523153,215313504,8.60288
Brazil,"2021-06-30",18570296,215313504,8.62477
Brazil,"2021-07-01",18631426,215313504,8.65316
Brazil,"2021-07-02",18694998,215313504,8.68269
Brazil,"2021-07-03",18748731,215313504,8.70764
Brazil,"2021-07-04",18774193,215313504,8.71947
Brazil,"2021-07-05",18802128,215313504,8.73244
Brazil,"2021-07-06",18863811,215313504,8.76109
Brazil,"2021-07-07",18917978,215313504,8.78625
Brazil,"2021-07-08",18972125,215313504,8.8114
Brazil,"2021-07-09",19030577,215313504,8.83854
Brazil,"2021-07-10",19074698,215313504,8.85903
Brazil,"2021-07-11",19093845,215313504,8.86793
Brazil,"2021-07-12",19113078,215313504,8.87686
Brazil,"2021-07-13",19161644,215313504,8.89942
Brazil,"2021-07-14",19217741,215313504,8.92547
Brazil,"2021-07-15",19272139,215313504,8.95073
Brazil,"2021-07-16",19315054,215313504,8.97067
Brazil,"2021-07-17",19364084,215313504,8.99344
Brazil,"2021-07-18",19380831,215313504,9.00121
Brazil,"2021-07-19",19397587,215313504,9.009
Brazil,"2021-07-20",19428736,215313504,9.02346
Brazil,"2021-07-21",19484572,215313504,9.0494
Brazil,"2021-07-22",19533253,215313504,9.07201
Brazil,"2021-07-23",19640373,215313504,9.12176
Brazil,"2021-07-24",19675021,215313504,9.13785
Brazil,"2021-07-25",19693277,215313504,9.14633
Brazil,"2021-07-26",19714719,215313504,9.15629
Brazil,"2021-07-27",19758310,215313504,9.17653
Brazil,"2021-07-28",19805359,215313504,9.19838
Brazil,"2021-07-29",19846680,215313504,9.21757
Brazil,"2021-07-30",19887058,215313504,9.23633
Brazil,"2021-07-31",19922146,215313504,9.25262
Brazil,"2021-08-01",19942499,215313504,9.26208
Brazil,"2021-08-02",19961374,215313504,9.27084
Brazil,"2021-08-03",19993870,215313504,9.28593
Brazil,"2021-08-04",20034407,215313504,9.30476
Brazil,"2021-08-05",20073891,215313504,9.3231
Brazil,"2021-08-06",20116562,215313504,9.34292
Brazil,"2021-08-07",20156095,215313504,9.36128
Brazil,"2021-08-08",20169989,215313504,9.36773
Brazil,"2021-08-09",20185531,215313504,9.37495
Brazil,"2021-08-10",20220993,215313504,9.39142
Brazil,"2021-08-11",20256436,215313504,9.40788
Brazil,"2021-08-12",20292294,215313504,9.42453
Brazil,"2021-08-13",20325289,215313504,9.43986
Brazil,"2021-08-14",20354591,215313504,9.45347
Brazil,"2021-08-15",20368358,215313504,9.45986
Brazil,"2021-08-16",20386548,215313504,9.46831
Brazil,"2021-08-17",20425554,215313504,9.48642
Brazil,"2021-08-18",20465725,215313504,9.50508
Brazil,"2021-08-19",20501738,215313504,9.52181
Brazil,"2021-08-20",20535951,215313504,9.5377
Brazil,"2021-08-21",20561273,215313504,9.54946
Brazil,"2021-08-22",20575218,215313504,9.55593
Brazil,"2021-08-23",20590872,215313504,9.56321
Brazil,"2021-08-24",20622681,215313504,9.57798
Brazil,"2021-08-25",20652660,215313504,9.5919
Brazil,"2021-08-26",20683583,215313504,9.60626
Brazil,"2021-08-27",20711339,215313504,9.61915
Brazil,"2021-08-28",20734286,215313504,9.62981
Brazil,"2021-08-29",20745549,215313504,9.63504
Brazil,"2021-08-30",20758350,215313504,9.64099
Brazil,"2021-08-31",20785196,215313504,9.65346
Brazil,"2021-09-01",20810944,215313504,9.66542
Brazil,"2021-09-02",20837967,215313504,9.67797
Brazil,"2021-09-03",20861571,215313504,9.68893
Brazil,"2021-09-04",20881896,215313504,9.69837
Brazil,"2021-09-05",20894557,215313504,9.70425
Brazil,"2021-09-06",20904729,215313504,9.70897
Brazil,"2021-09-07",20918333,215313504,9.71529
Brazil,"2021-09-08",20932515,215313504,9.72188
Brazil,"2021-09-09",20965338,215313504,9.73712
Brazil,"2021-09-10",20981793,215313504,9.74476
Brazil,"2021-09-11",20995555,215313504,9.75116
Brazil,"2021-09-12",21003416,215313504,9.75481
Brazil,"2021-09-13",21012064,215313504,9.75882
Brazil,"2021-09-14",21025635,215313504,9.76513
Brazil,"2021-09-15",21038911,215313504,9.77129
Brazil,"2021-09-16",21074358,215313504,9.78775
Brazil,"2021-09-17",21109695,215313504,9.80417
Brazil,"2021-09-18",21234573,215313504,9.86216
Brazil,"2021-09-19",21243748,215313504,9.86643
Brazil,"2021-09-20",21253033,215313504,9.87074
Brazil,"2021-09-21",21268413,215313504,9.87788
Brazil,"2021-09-22",21300996,215313504,9.89301
Brazil,"2021-09-23",21325913,215313504,9.90459
Brazil,"2021-09-24",21344578,215313504,9.91326
Brazil,"2021-09-25",21358441,215313504,9.91969
Brazil,"2021-09-26",21367297,215313504,9.92381
Brazil,"2021-09-27",21376642,215313504,9.92815
Brazil,"2021-09-28",21393526,215313504,9.93599
Brazil,"2021-09-29",21410411,215313504,9.94383
Brazil,"2021-09-30",21432362,215313504,9.95403
Brazil,"2021-10-01",21450424,215313504,9.96241
Brazil,"2021-10-02",21462810,215313504,9.96817
Brazil,"2021-10-03",21471963,215313504,9.97242
Brazil,"2021-10-04",21483481,215313504,9.97777
Brazil,"2021-10-05",21505626,215313504,9.98805
Brazil,"2021-10-06",21524172,215313504,9.99667
Brazil,"2021-10-07",21538788,215313504,10.00345
Brazil,"2021-10-08",21557323,215313504,10.01206
Brazil,"2021-10-09",21572127,215313504,10.01894
Brazil,"2021-10-10",21580539,215313504,10.02285
Brazil,"2021-10-11",21587532,215313504,10.02609
Brazil,"2021-10-12",21594887,215313504,10.02951
Brazil,"2021-10-13",21603259,215313504,10.0334
Brazil,"2021-10-14",21618491,215313504,10.04047
Brazil,"2021-10-15",21632789,215313504,10.04711
Brazil,"2021-10-16",21642550,215313504,10.05165
Brazil,"2021-10-17",21648735,215313504,10.05452
Brazil,"2021-10-18",21658054,215313504,10.05885
Brazil,"2021-10-19",21671287,215313504,10.06499
Brazil,"2021-10-20",21686995,215313504,10.07229
Brazil,"2021-10-21",21703981,215313504,10.08018
Brazil,"2021-10-22",21717379,215313504,10.0864
Brazil,"2021-10-23",21729284,215313504,10.09193
Brazil,"2021-10-24",21733820,215313504,10.09403
Brazil,"2021-10-25",21741647,215313504,10.09767
Brazil,"2021-10-26",21754992,215313504,10.10387
Brazil,"2021-10-27",21772116,215313504,10.11182
Brazil,"2021-10-28",21785802,215313504,10.11818
Brazil,"2021-10-29",21798483,215313504,10.12407
Brazil,"2021-10-30",21808495,215313504,10.12872
Brazil,"2021-10-31",21814625,215313504,10.13156
Brazil,"2021-11-01",21819251,215313504,10.13371
Brazil,"2021-11-02",21825169,215313504,10.13646
Brazil,"2021-11-03",21841479,215313504,10.14404
Brazil,"2021-11-04",21854726,215313504,10.15019
Brazil,"2021-11-05",21867724,215313504,10.15623
Brazil,"2021-11-06",21878897,215313504,10.16141
Brazil,"2021-11-07",21884558,215313504,10.16404
Brazil,"2021-11-08",21891439,215313504,10.16724
Brazil,"2021-11-09",21903249,215313504,10.17272
Brazil,"2021-11-10",21918229,215313504,10.17968
Brazil,"2021-11-11",21933767,215313504,10.1869
Brazil,"2021-11-12",21948366,215313504,10.19368
Brazil,"2021-11-13",21957724,215313504,10.19802
Brazil,"2021-11-14",21962026,215313504,10.20002
Brazil,"2021-11-15",21964769,215313504,10.2013
Brazil,"2021-11-16",21971337,215313504,10.20435
Brazil,"2021-11-17",21984449,215313504,10.21044
Brazil,"2021-11-18",21995851,215313504,10.21573
Brazil,"2021-11-19",22008224,215313504,10.22148
Brazil,"2021-11-20",22016439,215313504,10.22529
Brazil,"2021-11-21",22021527,215313504,10.22766
Brazil,"2021-11-22",22025668,215313504,10.22958
Brazil,"2021-11-23",22038108,215313504,10.23536
Brazil,"2021-11-24",22050362,215313504,10.24105
Brazil,"2021-11-25",22062645,215313504,10.24675
Brazil,"2021-11-26",22073524,215313504,10.25181
Brazil,"2021-11-27",22081833,215313504,10.25567
Brazil,"2021-11-28",22085369,215313504,10.25731
Brazil,"2021-11-29",22089858,215313504,10.25939
Brazil,"2021-11-30",22100143,215313504,10.26417
Brazil,"2021-12-01",22112425,215313504,10.26987
Brazil,"2021-12-02",22124356,215313504,10.27541
Brazil,"2021-12-03",22134978,215313504,10.28035
Brazil,"2021-12-04",22142385,215313504,10.28379
Brazil,"2021-12-05",22147078,215313504,10.28597
Brazil,"2021-12-06",22153095,215313504,10.28876
Brazil,"2021-12-07",22163231,215313504,10.29347
Brazil,"2021-12-08",22173363,215313504,10.29818
Brazil,"2021-12-09",22182116,215313504,10.30224
Brazil,"2021-12-10",22189181,215313504,10.30552
Brazil,"2021-12-11",22191865,215313504,10.30677
Brazil,"2021-12-12",22193480,215313504,10.30752
Brazil,"2021-12-13",22196250,215313504,10.30881
Brazil,"2021-12-14",22200629,215313504,10.31084
Brazil,"2021-12-15",22205707,215313504,10.3132
Brazil,"2021-12-16",22209368,215313504,10.3149
Brazil,"2021-12-17",22213731,215313504,10.31692
Brazil,"2021-12-18",22216112,215313504,10.31803
Brazil,"2021-12-19",22217570,215313504,10.31871
Brazil,"2021-12-20",22220209,215313504,10.31993
Brazil,"2021-12-21",22223943,215313504,10.32167
Brazil,"2021-12-22",22227169,215313504,10.32317
Brazil,"2021-12-23",22230943,215313504,10.32492
Brazil,"2021-12-24",22234623,215313504,10.32663
Brazil,"2021-12-25",22238297,215313504,10.32833
Brazil,"2021-12-26",22243266,215313504,10.33064
Brazil,"2021-12-27",22250218,215313504,10.33387
Brazil,"2021-12-28",22259270,215313504,10.33807
Brazil,"2021-12-29",22269031,215313504,10.34261
Brazil,"2021-12-30",22281649,215313504,10.34847
Brazil,"2021-12-31",22291839,215313504,10.3532
Brazil,"2022-01-01",22295621,215313504,10.35496
Brazil,"2022-01-02",22297427,215313504,10.3558
Brazil,"2022-01-03",22309081,215313504,10.36121
Brazil,"2022-01-04",22328252,215313504,10.37011
Brazil,"2022-01-05",22351104,215313504,10.38073
Brazil,"2022-01-06",22386930,215313504,10.39736
Brazil,"2022-01-07",22450222,215313504,10.42676
Brazil,"2022-01-08",22499525,215313504,10.44966
Brazil,"2022-01-09",22529183,215313504,10.46343
Brazil,"2022-01-10",22563104,215313504,10.47919
Brazil,"2022-01-11",22636359,215313504,10.51321
Brazil,"2022-01-12",22724232,215313504,10.55402
Brazil,"2022-01-13",22822177,215313504,10.59951
Brazil,"2022-01-14",22933289,215313504,10.65112
Brazil,"2022-01-15",22981851,215313504,10.67367
Brazil,"2022-01-16",23015128,215313504,10.68912
Brazil,"2022-01-17",23089509,215313504,10.72367
Brazil,"2022-01-18",23229851,215313504,10.78885
Brazil,"2022-01-19",23425392,215313504,10.87967
Brazil,"2022-01-20",23595178,215313504,10.95852
Brazil,"2022-01-21",23766499,215313504,11.03809
Brazil,"2022-01-22",23931609,215313504,11.11477
Brazil,"2022-01-23",24054405,215313504,11.17181
Brazil,"2022-01-24",24142032,215313504,11.2125
Brazil,"2022-01-25",24342322,215313504,11.30552
Brazil,"2022-01-26",24560093,215313504,11.40667
Brazil,"2022-01-27",24789795,215313504,11.51335
Brazil,"2022-01-28",25050601,215313504,11.63448
Brazil,"2022-01-29",25256198,215313504,11.72996
Brazil,"2022-01-30",25360647,215313504,11.77847
Brazil,"2022-01-31",25463530,215313504,11.82626
Brazil,"2022-02-01",25634781,215313504,11.90579
Brazil,"2022-02-02",25820745,215313504,11.99216
Brazil,"2022-02-03",26107894,215313504,12.12553
Brazil,"2022-02-04",26326454,215313504,12.22703
Brazil,"2022-02-05",26484546,215313504,12.30046
Brazil,"2022-02-06",26546399,215313504,12.32918
Brazil,"2022-02-07",26616014,215313504,12.36152
Brazil,"2022-02-08",26793497,215313504,12.44395
Brazil,"2022-02-09",26972914,215313504,12.52727
Brazil,"2022-02-10",27135550,215313504,12.60281
Brazil,"2022-02-11",27299336,215313504,12.67888
Brazil,"2022-02-12",27434286,215313504,12.74155
Brazil,"2022-02-13",27492904,215313504,12.76878
Brazil,"2022-02-14",27552267,215313504,12.79635
Brazil,"2022-02-15",27677468,215313504,12.8545
Brazil,"2022-02-16",27819996,215313504,12.92069
Brazil,"2022-02-17",27940119,215313504,12.97648
Brazil,"2022-02-18",28072238,215313504,13.03784
Brazil,"2022-02-19",28177367,215313504,13.08667
Brazil,"2022-02-20",28218180,215313504,13.10562
Brazil,"2022-02-21",28258458,215313504,13.12433
Brazil,"2022-02-22",28361951,215313504,13.1724
Brazil,"2022-02-23",28493336,215313504,13.23342
Brazil,"2022-02-24",28589235,215313504,13.27796
Brazil,"2022-02-25",28679671,215313504,13.31996
Brazil,"2022-02-26",28749552,215313504,13.35241
Brazil,"2022-02-27",28776794,215313504,13.36507
Brazil,"2022-02-28",28796571,215313504,13.37425
Brazil,"2022-03-01",28818850,215313504,13.3846
Brazil,"2022-03-02",28846495,215313504,13.39744
Brazil,"2022-03-03",28906672,215313504,13.42539
Brazil,"2022-03-04",28978052,215313504,13.45854
Brazil,"2022-03-05",29040800,215313504,13.48768
Brazil,"2022-03-06",29056525,215313504,13.49498
Brazil,"2022-03-07",29077831,215313504,13.50488
Brazil,"2022-03-08",29152318,215313504,13.53947
Brazil,"2022-03-09",29198101,215313504,13.56074
Brazil,"2022-03-10",29259206,215313504,13.58912
Brazil,"2022-03-11",29313228,215313504,13.61421
Brazil,"2022-03-12",29361024,215313504,13.63641
Brazil,"2022-03-13",29374833,215313504,13.64282
Brazil,"2022-03-14",29391345,215313504,13.65049
Brazil,"2022-03-15",29441039,215313504,13.67357
Brazil,"2022-03-16",29488777,215313504,13.69574
Brazil,"2022-03-17",29532810,215313504,13.71619
Brazil,"2022-03-18",29584800,215313504,13.74034
Brazil,"2022-03-19",29624435,215313504,13.75874
Brazil,"2022-03-20",29637814,215313504,13.76496
Brazil,"2022-03-21",29650082,215313504,13.77066
Brazil,"2022-03-22",29691641,215313504,13.78996
Brazil,"2022-03-23",29738362,215313504,13.81166
Brazil,"2022-03-24",29775568,215313504,13.82894
Brazil,"2022-03-25",29809769,215313504,13.84482
Brazil,"2022-03-26",29839103,215313504,13.85844
Brazil,"2022-03-27",29849740,215313504,13.86338
Brazil,"2022-03-28",29857641,215313504,13.86705
Brazil,"2022-03-29",29887191,215313504,13.88078
Brazil,"2022-03-30",29920604,215313504,13.8963
Brazil,"2022-03-31",29951670,215313504,13.91073
Brazil,"2022-04-01",29978513,215313504,13.92319
Brazil,"2022-04-02",29995575,215313504,13.93112
Brazil,"2022-04-03",30002785,215313504,13.93447
Brazil,"2022-04-04",30015357,215313504,13.9403
Brazil,"2022-04-05",30042272,215313504,13.9528
Brazil,"2022-04-06",30069094,215313504,13.96526
Brazil,"2022-04-07",30095328,215313504,13.97745
Brazil,"2022-04-08",30125540,215313504,13.99148
Brazil,"2022-04-09",30146769,215313504,14.00134
Brazil,"2022-04-10",30153979,215313504,14.00469
Brazil,"2022-04-11",30161909,215313504,14.00837
Brazil,"2022-04-12",30184286,215313504,14.01876
Brazil,"2022-04-13",30210934,215313504,14.03114
Brazil,"2022-04-14",30234024,215313504,14.04186
Brazil,"2022-04-15",30247302,215313504,14.04803
Brazil,"2022-04-16",30250077,215313504,14.04932
Brazil,"2022-04-17",30252618,215313504,14.0505
Brazil,"2022-04-18",30261088,215313504,14.05443
Brazil,"2022-04-19",30275219,215313504,14.06099
Brazil,"2022-04-20",30311969,215313504,14.07806
Brazil,"2022-04-21",30330629,215313504,14.08673
Brazil,"2022-04-22",30338697,215313504,14.09048
Brazil,"2022-04-23",30345808,215313504,14.09378
Brazil,"2022-04-24",30349463,215313504,14.09548
Brazil,"2022-04-25",30355919,215313504,14.09847
Brazil,"2022-04-26",30378061,215313504,14.10876
Brazil,"2022-04-27",30399004,215313504,14.11848
Brazil,"2022-04-28",30418920,215313504,14.12773
Brazil,"2022-04-29",30433042,215313504,14.13429
Brazil,"2022-04-30",30448236,215313504,14.14135
Brazil,"2022-05-01",30454499,215313504,14.14426
Brazil,"2022-05-02",30460997,215313504,14.14728
Brazil,"2022-05-03",30482429,215313504,14.15723
Brazil,"2022-05-04",30502501,215313504,14.16655
Brazil,"2022-05-05",30524183,215313504,14.17662
Brazil,"2022-05-06",30543908,215313504,14.18578
Brazil,"2022-05-07",30558530,215313504,14.19257
Brazil,"2022-05-08",30564536,215313504,14.19536
Brazil,"2022-05-09",30574245,215313504,14.19987
Brazil,"2022-05-10",30594388,215313504,14.20923
Brazil,"2022-05-11",30617786,215313504,14.2201
Brazil,"2022-05-12",30639130,215313504,14.23001
Brazil,"2022-05-13",30664739,215313504,14.2419
Brazil,"2022-05-14",30682094,215313504,14.24996
Brazil,"2022-05-15",30688390,215313504,14.25289
Brazil,"2022-05-16",30701900,215313504,14.25916
Brazil,"2022-05-17",30701900,215313504,14.25916
Brazil,"2022-05-18",30701900,215313504,14.25916
Brazil,"2022-05-19",30701900,215313504,14.25916
Brazil,"2022-05-20",30762413,215313504,14.28727
Brazil,"2022-05-21",30762413,215313504,14.28727
Brazil,"2022-05-22",30791220,215313504,14.30065
Brazil,"2022-05-23",30803995,215313504,14.30658
Brazil,"2022-05-24",30836815,215313504,14.32182
Brazil,"2022-05-25",30851191,215313504,14.3285
Brazil,"2022-05-26",30880512,215313504,14.34212
Brazil,"2022-05-27",30921145,215313504,14.36099
Brazil,"2022-05-28",30945384,215313504,14.37224
Brazil,"2022-05-29",30953579,215313504,14.37605
Brazil,"2022-05-30",30977661,215313504,14.38724
Brazil,"2022-05-31",31019038,215313504,14.40645
Brazil,"2022-06-01",31060017,215313504,14.42548
Brazil,"2022-06-02",31101290,215313504,14.44465
Brazil,"2022-06-03",31137479,215313504,14.46146
Brazil,"2022-06-04",31137479,215313504,14.46146
Brazil,"2022-06-05",31137479,215313504,14.46146
Brazil,"2022-06-06",31195118,215313504,14.48823
Brazil,"2022-06-07",31266163,215313504,14.52123
Brazil,"2022-06-08",31315777,215313504,14.54427
Brazil,"2022-06-09",31360850,215313504,14.5652
Brazil,"2022-06-10",31417341,215313504,14.59144
Brazil,"2022-06-11",31445137,215313504,14.60435
Brazil,"2022-06-12",31456865,215313504,14.6098
Brazil,"2022-06-13",31497038,215313504,14.62845
Brazil,"2022-06-14",31541479,215313504,14.64909
Brazil,"2022-06-15",31611769,215313504,14.68174
Brazil,"2022-06-16",31611769,215313504,14.68174
Brazil,"2022-06-17",31611769,215313504,14.68174
Brazil,"2022-06-18",31611769,215313504,14.68174
Brazil,"2022-06-19",31611769,215313504,14.68174
Brazil,"2022-06-20",31754465,215313504,14.74801
Brazil,"2022-06-21",31818827,215313504,14.77791
Brazil,"2022-06-22",31890733,215313504,14.8113
Brazil,"2022-06-23",31962782,215313504,14.84476
Brazil,"2022-06-24",32023166,215313504,14.87281
Brazil,"2022-06-25",32023166,215313504,14.87281
Brazil,"2022-06-26",32023166,215313504,14.87281
Brazil,"2022-06-27",32130316,215313504,14.92257
Brazil,"2022-06-28",32206954,215313504,14.95817
Brazil,"2022-06-29",32206954,215313504,14.95817
Brazil,"2022-06-30",32358018,215313504,15.02833
Brazil,"2022-07-01",32434063,215313504,15.06365
Brazil,"2022-07-02",32471847,215313504,15.08119
Brazil,"2022-07-03",32490422,215313504,15.08982
Brazil,"2022-07-04",32535923,215313504,15.11095
Brazil,"2022-07-05",32610514,215313504,15.1456
Brazil,"2022-07-06",32687680,215313504,15.18144
Brazil,"2022-07-07",32759730,215313504,15.2149
Brazil,"2022-07-08",32830844,215313504,15.24793
Brazil,"2022-07-09",32874501,215313504,15.2682
Brazil,"2022-07-10",32896464,215313504,15.2784
Brazil,"2022-07-11",32940507,215313504,15.29886
Brazil,"2022-07-12",33004555,215313504,15.3286
Brazil,"2022-07-13",33076779,215313504,15.36215
Brazil,"2022-07-14",33142158,215313504,15.39251
Brazil,"2022-07-15",33250117,215313504,15.44265
Brazil,"2022-07-16",33290266,215313504,15.4613
Brazil,"2022-07-17",33301118,215313504,15.46634
Brazil,"2022-07-18",33339815,215313504,15.48431
Brazil,"2022-07-19",33397814,215313504,15.51125
Brazil,"2022-07-20",33454294,215313504,15.53748
Brazil,"2022-07-21",33505727,215313504,15.56137
Brazil,"2022-07-22",33555526,215313504,15.5845
Brazil,"2022-07-23",33555526,215313504,15.5845
Brazil,"2022-07-24",33591356,215313504,15.60114
Brazil,"2022-07-25",33621965,215313504,15.61535
Brazil,"2022-07-26",33659879,215313504,15.63296
Brazil,"2022-07-27",33704393,215313504,15.65364
Brazil,"2022-07-28",33748985,215313504,15.67435
Brazil,"2022-07-29",33790698,215313504,15.69372
Brazil,"2022-07-30",33813587,215313504,15.70435
Brazil,"2022-07-31",33833900,215313504,15.71378
Brazil,"2022-08-01",33855964,215313504,15.72403
Brazil,"2022-08-02",33890428,215313504,15.74004
Brazil,"2022-08-03",33924061,215313504,15.75566
Brazil,"2022-08-04",33964494,215313504,15.77444
Brazil,"2022-08-05",33994470,215313504,15.78836
Brazil,"2022-08-06",34011173,215313504,15.79612
Brazil,"2022-08-07",34018371,215313504,15.79946
Brazil,"2022-08-08",34035780,215313504,15.80755
Brazil,"2022-08-09",34066000,215313504,15.82158
Brazil,"2022-08-10",34066000,215313504,15.82158
Brazil,"2022-08-11",34124579,215313504,15.84879
Brazil,"2022-08-12",34148131,215313504,15.85973
Brazil,"2022-08-13",34148131,215313504,15.85973
Brazil,"2022-08-14",34148131,215313504,15.85973
Brazil,"2022-08-15",34178240,215313504,15.87371
Brazil,"2022-08-16",34201280,215313504,15.88441
Brazil,"2022-08-17",34223207,215313504,15.89459
Brazil,"2022-08-18",34245374,215313504,15.90489
Brazil,"2022-08-19",34264237,215313504,15.91365
Brazil,"2022-08-20",34264237,215313504,15.91365
Brazil,"2022-08-21",34264237,215313504,15.91365
Brazil,"2022-08-22",34284864,215313504,15.92323
Brazil,"2022-08-23",34284864,215313504,15.92323
Brazil,"2022-08-24",34329600,215313504,15.94401
Brazil,"2022-08-25",34350639,215313504,15.95378
Brazil,"2022-08-26",34368909,215313504,15.96226
Brazil,"2022-08-27",34368909,215313504,15.96226
Brazil,"2022-08-28",34368909,215313504,15.96226
Brazil,"2022-08-29",34397205,215313504,15.97541
Brazil,"2022-08-30",34414011,215313504,15.98321
Brazil,"2022-08-31",34429853,215313504,15.99057
Brazil,"2022-09-01",34429853,215313504,15.99057
Brazil,"2022-09-02",34456145,215313504,16.00278
Brazil,"2022-09-03",34456145,215313504,16.00278
Brazil,"2022-09-04",34456145,215313504,16.00278
Brazil,"2022-09-05",34477539,215313504,16.01272
Brazil,"2022-09-06",34477539,215313504,16.01272
Brazil,"2022-09-07",34477539,215313504,16.01272
Brazil,"2022-09-08",34477539,215313504,16.01272
Brazil,"2022-09-09",34516739,215313504,16.03092
Brazil,"2022-09-10",34516739,215313504,16.03092
Brazil,"2022-09-11",34516739,215313504,16.03092
Brazil,"2022-09-12",34533957,215313504,16.03892
Brazil,"2022-09-13",34544377,215313504,16.04376
Brazil,"2022-09-14",34558902,215313504,16.0505
Brazil,"2022-09-15",34568833,215313504,16.05512
Brazil,"2022-09-16",34568833,215313504,16.05512
Brazil,"2022-09-17",34568833,215313504,16.05512
Brazil,"2022-09-18",34568833,215313504,16.05512
Brazil,"2022-09-19",34592163,215313504,16.06595
Brazil,"2022-09-20",34592027,215313504,16.06589
Brazil,"2022-09-21",34592027,215313504,16.06589
Brazil,"2022-09-22",34616655,215313504,16.07733
Brazil,"2022-09-23",34624427,215313504,16.08094
Brazil,"2022-09-24",34624427,215313504,16.08094
Brazil,"2022-09-25",34624427,215313504,16.08094
Brazil,"2022-09-26",34638288,215313504,16.08737
Brazil,"2022-09-27",34638288,215313504,16.08737
Brazil,"2022-09-28",34654190,215313504,16.09476
Brazil,"2022-09-29",34654190,215313504,16.09476
Brazil,"2022-09-30",34672524,215313504,16.10327
Brazil,"2022-10-01",34672524,215313504,16.10327
Brazil,"2022-10-02",34672524,215313504,16.10327
Brazil,"2022-10-03",34684529,215313504,16.10885
Brazil,"2022-10-04",34684529,215313504,16.10885
Brazil,"2022-10-05",34699017,215313504,16.11558
Brazil,"2022-10-06",34707233,215313504,16.11939
Brazil,"2022-10-07",34707233,215313504,16.11939
Brazil,"2022-10-08",34707233,215313504,16.11939
Brazil,"2022-10-09",34707233,215313504,16.11939
Brazil,"2022-10-10",34724189,215313504,16.12727
Brazil,"2022-10-11",34731539,215313504,16.13068
Brazil,"2022-10-12",34731539,215313504,16.13068
Brazil,"2022-10-13",34739865,215313504,16.13455
Brazil,"2022-10-14",34746462,215313504,16.13761
Brazil,"2022-10-15",34746462,215313504,16.13761
Brazil,"2022-10-16",34746462,215313504,16.13761
Brazil,"2022-10-17",34746462,215313504,16.13761
Brazil,"2022-10-18",34746462,215313504,16.13761
Brazil,"2022-10-19",34771320,215313504,16.14916
Brazil,"2022-10-20",34771320,215313504,16.14916
Brazil,"2022-10-21",34780462,215313504,16.1534
Brazil,"2022-10-22",34780462,215313504,16.1534
Brazil,"2022-10-23",34780462,215313504,16.1534
Brazil,"2022-10-24",34783786,215313504,16.15495
Brazil,"2022-10-25",34799324,215313504,16.16217
Brazil,"2022-10-26",34807075,215313504,16.16576
Brazil,"2022-10-27",34815258,215313504,16.16957
Brazil,"2022-10-28",34815258,215313504,16.16957
Brazil,"2022-10-29",34815258,215313504,16.16957
Brazil,"2022-10-30",34815258,215313504,16.16957
Brazil,"2022-10-31",34828749,215313504,16.17583
Brazil,"2022-11-01",34837035,215313504,16.17968
Brazil,"2022-11-02",34837035,215313504,16.17968
Brazil,"2022-11-03",34846308,215313504,16.18399
Brazil,"2022-11-04",34849063,215313504,16.18527
Brazil,"2022-11-05",34849063,215313504,16.18527
Brazil,"2022-11-06",34849063,215313504,16.18527
Brazil,"2022-11-07",34855492,215313504,16.18825
Brazil,"2022-11-08",34855492,215313504,16.18825
Brazil,"2022-11-09",34855492,215313504,16.18825
Brazil,"2022-11-10",34889576,215313504,16.20408
Brazil,"2022-11-11",34908198,215313504,16.21273
Brazil,"2022-11-12",34908198,215313504,16.21273
Brazil,"2022-11-13",34908198,215313504,16.21273
Brazil,"2022-11-14",34908198,215313504,16.21273
Brazil,"2022-11-15",34908198,215313504,16.21273
Brazil,"2022-11-16",34938073,215313504,16.22661
Brazil,"2022-11-17",34971043,215313504,16.24192
Brazil,"2022-11-18",34999495,215313504,16.25513
Brazil,"2022-11-19",34999495,215313504,16.25513
Brazil,"2022-11-20",34999495,215313504,16.25513
Brazil,"2022-11-21",34999495,215313504,16.25513
Brazil,"2022-11-22",35052152,215313504,16.27959
Brazil,"2022-11-23",35082036,215313504,16.29347
Brazil,"2022-11-24",35105241,215313504,16.30424
Brazil,"2022-11-25",35149503,215313504,16.3248
Brazil,"2022-11-26",35149503,215313504,16.3248
Brazil,"2022-11-27",35149503,215313504,16.3248
Brazil,"2022-11-28",35149503,215313504,16.3248
Brazil,"2022-11-29",35227599,215313504,16.36107
Brazil,"2022-11-30",35227599,215313504,16.36107
Brazil,"2022-12-01",35302137,215313504,16.39569
Brazil,"2022-12-02",35337546,215313504,16.41214
Brazil,"2022-12-03",35337546,215313504,16.41214
Brazil,"2022-12-04",35337546,215313504,16.41214
Brazil,"2022-12-05",35396191,215313504,16.43937
Brazil,"2022-12-06",35396191,215313504,16.43937
Brazil,"2022-12-07",35396191,215313504,16.43937
Brazil,"2022-12-08",35531716,215313504,16.50232
Brazil,"2022-12-09",35531716,215313504,16.50232
Brazil,"2022-12-10",35531716,215313504,16.50232
Brazil,"2022-12-11",35531716,215313504,16.50232
Brazil,"2022-12-12",35643770,215313504,16.55436
Brazil,"2022-12-13",35696918,215313504,16.57904
Brazil,"2022-12-14",35751411,215313504,16.60435
Brazil,"2022-12-15",35809832,215313504,16.63148
Brazil,"2022-12-16",35869526,215313504,16.65921
Brazil,"2022-12-17",35869526,215313504,16.65921
Brazil,"2022-12-18",35869526,215313504,16.65921
Brazil,"2022-12-19",35945063,215313504,16.69429
Brazil,"2022-12-20",36001760,215313504,16.72062
Brazil,"2022-12-21",36044441,215313504,16.74045
Brazil,"2022-12-22",36092845,215313504,16.76293
