"date","new_cases","new_deaths","death_percentage"
"2020-01-01",0.0,0.0,
"2020-01-02",0.0,0.0,
"2020-01-03",0.0,0.0,
"2020-01-04",0.0,0.0,
"2020-01-05",0.0,0.0,
"2020-01-06",0.0,0.0,
"2020-01-07",0.0,0.0,
"2020-01-08",0.0,0.0,
"2020-01-09",0.0,0.0,
"2020-01-10",0.0,0.0,
"2020-01-11",0.0,0.0,
"2020-01-12",0.0,0.0,
"2020-01-13",0.0,0.0,
"2020-01-14",0.0,0.0,
"2020-01-15",0.0,0.0,
"2020-01-16",0.0,0.0,
"2020-01-17",0.0,0.0,
"2020-01-18",0.0,0.0,
"2020-01-19",0.0,0.0,
"2020-01-20",0.0,0.0,
"2020-01-21",0.0,0.0,
"2020-01-22",0.0,0.0,
"2020-01-23",100.0,1.0,1.0
"2020-01-24",287.0,8.0,2.79
"2020-01-25",493.0,16.0,3.25
"2020-01-26",683.0,14.0,2.05
"2020-01-27",809.0,26.0,3.21
"2020-01-28",2651.0,49.0,1.85
"2020-01-29",589.0,2.0,0.34
"2020-01-30",2068.0,39.0,1.89
"2020-01-31",1690.0,42.0,2.49
"2020-02-01",2111.0,46.0,2.18
"2020-02-02",4749.0,104.0,2.19
"2020-02-03",3100.0,64.0,2.06
"2020-02-04",4012.0,66.0,1.65
"2020-02-05",3745.0,72.0,1.92
"2020-02-06",3162.0,70.0,2.21
"2020-02-07",3533.0,85.0,2.41
"2020-02-08",2731.0,87.0,3.19
"2020-02-09",3028.0,100.0,3.3
"2020-02-10",2538.0,107.0,4.22
"2020-02-11",2043.0,100.0,4.89
"2020-02-12",378.0,5.0,1.32
"2020-02-13",15152.0,253.0,1.67
"2020-02-14",6485.0,152.0,2.34
"2020-02-15",2076.0,143.0,6.89
"2020-02-16",2113.0,104.0,4.92
"2020-02-17",1936.0,98.0,5.06
"2020-02-18",1794.0,140.0,7.8
"2020-02-19",421.0,115.0,27.32
"2020-02-20",548.0,123.0,22.45
"2020-02-21",630.0,4.0,0.63
"2020-02-22",1762.0,208.0,11.8
"2020-02-23",325.0,10.0,3.08
"2020-02-24",568.0,160.0,28.17
"2020-02-25",854.0,80.0,9.37
"2020-02-26",959.0,60.0,6.26
"2020-02-27",1344.0,43.0,3.2
"2020-02-28",1424.0,57.0,4.0
"2020-02-29",1871.0,70.0,3.74
"2020-03-01",2379.0,54.0,2.27
"2020-03-02",1980.0,90.0,4.55
"2020-03-03",2611.0,74.0,2.83
"2020-03-04",2322.0,96.0,4.13
"2020-03-05",2710.0,95.0,3.51
"2020-03-06",3930.0,114.0,2.9
"2020-03-07",4131.0,104.0,2.52
"2020-03-08",3852.0,242.0,6.28
"2020-03-09",4323.0,194.0,4.49
"2020-03-10",4782.0,275.0,5.75
"2020-03-11",7498.0,351.0,4.68
"2020-03-12",6752.0,321.0,4.75
"2020-03-13",13187.0,503.0,3.81
"2020-03-14",10874.0,426.0,3.92
"2020-03-15",11220.0,666.0,5.94
"2020-03-16",14556.0,715.0,4.91
"2020-03-17",15174.0,851.0,5.61
"2020-03-18",17500.0,954.0,5.45
"2020-03-19",27053.0,1144.0,4.23
"2020-03-20",29480.0,1575.0,5.34
"2020-03-21",32395.0,1808.0,5.58
"2020-03-22",34144.0,1830.0,5.36
"2020-03-23",42423.0,2096.0,4.94
"2020-03-24",41736.0,2424.0,5.81
"2020-03-25",51325.0,2971.0,5.79
"2020-03-26",60592.0,3256.0,5.37
"2020-03-27",63670.0,3637.0,5.71
"2020-03-28",69545.0,4049.0,5.82
"2020-03-29",56410.0,3818.0,6.77
"2020-03-30",64957.0,4367.0,6.72
"2020-03-31",78412.0,5166.0,6.59
"2020-04-01",86289.0,6641.0,7.7
"2020-04-02",82332.0,6242.0,7.58
"2020-04-03",84151.0,6496.0,7.72
"2020-04-04",77076.0,6590.0,8.55
"2020-04-05",71626.0,5918.0,8.26
"2020-04-06",74639.0,6427.0,8.61
"2020-04-07",72363.0,8514.0,11.77
"2020-04-08",82057.0,7215.0,8.79
"2020-04-09",87072.0,8153.0,9.36
"2020-04-10",86352.0,7734.0,8.96
"2020-04-11",75459.0,6981.0,9.25
"2020-04-12",118436.0,6514.0,5.5
"2020-04-13",71725.0,6510.0,9.08
"2020-04-14",84460.0,7357.0,8.71
"2020-04-15",78168.0,8758.0,11.2
"2020-04-16",94355.0,7694.0,8.15
"2020-04-17",87685.0,7589.0,8.65
"2020-04-18",77969.0,6425.0,8.24
"2020-04-19",76191.0,6098.0,8.0
"2020-04-20",76339.0,6507.0,8.52
"2020-04-21",75912.0,7197.0,9.48
"2020-04-22",81844.0,7268.0,8.88
"2020-04-23",84072.0,7262.0,8.64
"2020-04-24",93335.0,6831.0,7.32
"2020-04-25",83008.0,6041.0,7.28
"2020-04-26",70577.0,4816.0,6.82
"2020-04-27",70779.0,5443.0,7.69
"2020-04-28",75550.0,6624.0,8.77
"2020-04-29",78417.0,6970.0,8.89
"2020-04-30",83402.0,6254.0,7.5
"2020-05-01",88660.0,5580.0,6.29
"2020-05-02",78005.0,6007.0,7.7
"2020-05-03",73575.0,4268.0,5.8
"2020-05-04",77174.0,4837.0,6.27
"2020-05-05",79303.0,6137.0,7.74
"2020-05-06",90202.0,6758.0,7.49
"2020-05-07",89712.0,5861.0,6.53
"2020-05-08",91230.0,5935.0,6.51
"2020-05-09",83716.0,4910.0,5.87
"2020-05-10",74618.0,4330.0,5.8
"2020-05-11",75597.0,4066.0,5.38
"2020-05-12",84705.0,5739.0,6.78
"2020-05-13",83692.0,5424.0,6.48
"2020-05-14",94978.0,5731.0,6.03
"2020-05-15",95545.0,5748.0,6.02
"2020-05-16",93076.0,4527.0,4.86
"2020-05-17",77187.0,3875.0,5.02
"2020-05-18",88221.0,4374.0,4.96
"2020-05-19",95046.0,5160.0,5.43
"2020-05-20",104618.0,5379.0,5.14
"2020-05-21",104924.0,5005.0,4.77
"2020-05-22",106260.0,5677.0,5.34
"2020-05-23",102889.0,4443.0,4.32
"2020-05-24",92406.0,3461.0,3.75
"2020-05-25",87551.0,3562.0,4.07
"2020-05-26",91709.0,4736.0,5.16
"2020-05-27",100878.0,5192.0,5.15
"2020-05-28",118527.0,4967.0,4.19
"2020-05-29",119638.0,5122.0,4.28
"2020-05-30",133313.0,4329.0,3.25
"2020-05-31",101143.0,3249.0,3.21
"2020-06-01",98606.0,3722.0,3.77
"2020-06-02",121937.0,5213.0,4.28
"2020-06-03",112766.0,5584.0,4.95
"2020-06-04",135059.0,5471.0,4.05
"2020-06-05",130920.0,4997.0,3.82
"2020-06-06",126792.0,4096.0,3.23
"2020-06-07",108699.0,3211.0,2.95
"2020-06-08",100457.0,4373.0,4.35
"2020-06-09",123884.0,4963.0,4.01
"2020-06-10",134760.0,5380.0,3.99
"2020-06-11",133045.0,5068.0,3.81
"2020-06-12",124114.0,4674.0,3.77
"2020-06-13",130092.0,4323.0,3.32
"2020-06-14",127643.0,3725.0,2.92
"2020-06-15",121427.0,3979.0,3.28
"2020-06-16",141109.0,7062.0,5.0
"2020-06-17",139124.0,5428.0,3.9
"2020-06-18",139618.0,5292.0,3.79
"2020-06-19",177307.0,5088.0,2.87
"2020-06-20",180913.0,4436.0,2.45
"2020-06-21",108236.0,4591.0,4.24
"2020-06-22",138048.0,3806.0,2.76
"2020-06-23",163666.0,5457.0,3.33
"2020-06-24",165778.0,5426.0,3.27
"2020-06-25",172931.0,5023.0,2.9
"2020-06-26",186258.0,5035.0,2.7
"2020-06-27",169187.0,4663.0,2.76
"2020-06-28",162528.0,3576.0,2.2
"2020-06-29",146584.0,4001.0,2.73
"2020-06-30",176809.0,5122.0,2.9
"2020-07-01",207007.0,5249.0,2.54
"2020-07-02",196233.0,5412.0,2.76
"2020-07-03",193563.0,5135.0,2.65
"2020-07-04",178852.0,4721.0,2.64
"2020-07-05",177442.0,3665.0,2.07
"2020-07-06",159309.0,4168.0,2.62
"2020-07-07",199447.0,6168.0,3.09
"2020-07-08",206452.0,5532.0,2.68
"2020-07-09",210897.0,5728.0,2.72
"2020-07-10",220753.0,5607.0,2.54
"2020-07-11",199302.0,5018.0,2.52
"2020-07-12",180870.0,4206.0,2.33
"2020-07-13",182924.0,4334.0,2.37
"2020-07-14",210506.0,5804.0,2.76
"2020-07-15",217019.0,5819.0,2.68
"2020-07-16",231725.0,5956.0,2.57
"2020-07-17",224065.0,5828.0,2.6
"2020-07-18",222036.0,6389.0,2.88
"2020-07-19",198438.0,4828.0,2.43
"2020-07-20",198873.0,3803.0,1.91
"2020-07-21",234951.0,6179.0,2.63
"2020-07-22",262205.0,6828.0,2.6
"2020-07-23",266538.0,6504.0,2.44
"2020-07-24",269557.0,6192.0,2.3
"2020-07-25",237343.0,5772.0,2.43
"2020-07-26",200566.0,4271.0,2.13
"2020-07-27",227299.0,5023.0,2.21
"2020-07-28",256644.0,6745.0,2.63
"2020-07-29",258876.0,6408.0,2.48
"2020-07-30",270717.0,6461.0,2.39
"2020-07-31",276440.0,6394.0,2.31
"2020-08-01",236141.0,5864.0,2.48
"2020-08-02",222408.0,4476.0,2.01
"2020-08-03",200697.0,4657.0,2.32
"2020-08-04",260860.0,6832.0,2.62
"2020-08-05",266594.0,6990.0,2.62
"2020-08-06",278412.0,6528.0,2.34
"2020-08-07",275140.0,6449.0,2.34
"2020-08-08",257517.0,5739.0,2.23
"2020-08-09",226324.0,4996.0,2.21
"2020-08-10",229481.0,5165.0,2.25
"2020-08-11",263050.0,6485.0,2.47
"2020-08-12",272266.0,6693.0,2.46
"2020-08-13",286170.0,6533.0,2.28
"2020-08-14",300809.0,6300.0,2.09
"2020-08-15",244502.0,5911.0,2.42
"2020-08-16",206385.0,4642.0,2.25
"2020-08-17",210344.0,4499.0,2.14
"2020-08-18",257160.0,6774.0,2.63
"2020-08-19",273551.0,6248.0,2.28
"2020-08-20",267590.0,6252.0,2.34
"2020-08-21",258561.0,5970.0,2.31
"2020-08-22",259819.0,5638.0,2.17
"2020-08-23",200020.0,4262.0,2.13
"2020-08-24",226523.0,4736.0,2.09
"2020-08-25",243633.0,6419.0,2.63
"2020-08-26",278997.0,6475.0,2.32
"2020-08-27",284668.0,6089.0,2.14
"2020-08-28",283432.0,5705.0,2.01
"2020-08-29",258291.0,5549.0,2.15
"2020-08-30",217222.0,4227.0,1.95
"2020-08-31",262325.0,4309.0,1.64
"2020-09-01",265663.0,6501.0,2.45
"2020-09-02",279552.0,6176.0,2.21
"2020-09-03",282993.0,5925.0,2.09
"2020-09-04",299659.0,5747.0,1.92
"2020-09-05",271886.0,4994.0,1.84
"2020-09-06",227355.0,4025.0,1.77
"2020-09-07",224391.0,5656.0,2.52
"2020-09-08",245423.0,5041.0,2.05
"2020-09-09",283303.0,6183.0,2.18
"2020-09-10",302390.0,5938.0,1.96
"2020-09-11",314396.0,5887.0,1.87
"2020-09-12",286872.0,5008.0,1.75
"2020-09-13",247244.0,3945.0,1.6
"2020-09-14",266196.0,4552.0,1.71
"2020-09-15",279758.0,6422.0,2.3
"2020-09-16",303031.0,5805.0,1.92
"2020-09-17",313441.0,5584.0,1.78
"2020-09-18",324570.0,5770.0,1.78
"2020-09-19",291052.0,5190.0,1.78
"2020-09-20",253550.0,3975.0,1.57
"2020-09-21",259204.0,4390.0,1.69
"2020-09-22",282952.0,6024.0,2.13
"2020-09-23",309733.0,6462.0,2.09
"2020-09-24",319038.0,5583.0,1.75
"2020-09-25",328525.0,5990.0,1.82
"2020-09-26",284696.0,5367.0,1.89
"2020-09-27",245796.0,3862.0,1.57
"2020-09-28",261851.0,3928.0,1.5
"2020-09-29",281871.0,5982.0,2.12
"2020-09-30",322760.0,6359.0,1.97
"2020-10-01",317356.0,8763.0,2.76
"2020-10-02",327725.0,5640.0,1.72
"2020-10-03",295406.0,4755.0,1.61
"2020-10-04",258919.0,3987.0,1.54
"2020-10-05",310444.0,4261.0,1.37
"2020-10-06",315026.0,5775.0,1.83
"2020-10-07",347327.0,5782.0,1.66
"2020-10-08",357555.0,6226.0,1.74
"2020-10-09",358923.0,6053.0,1.69
"2020-10-10",352899.0,4778.0,1.35
"2020-10-11",287851.0,4088.0,1.42
"2020-10-12",289146.0,4046.0,1.4
"2020-10-13",318186.0,5172.0,1.63
"2020-10-14",378806.0,6044.0,1.6
"2020-10-15",405161.0,6052.0,1.49
"2020-10-16",408462.0,6159.0,1.51
"2020-10-17",370106.0,5689.0,1.54
"2020-10-18",329521.0,3918.0,1.19
"2020-10-19",373497.0,4822.0,1.29
"2020-10-20",387737.0,6464.0,1.67
"2020-10-21",437430.0,6824.0,1.56
"2020-10-22",479863.0,5857.0,1.22
"2020-10-23",491925.0,7058.0,1.43
"2020-10-24",454384.0,5865.0,1.29
"2020-10-25",357157.0,4362.0,1.22
"2020-10-26",482220.0,5797.0,1.2
"2020-10-27",467310.0,7366.0,1.58
"2020-10-28",519796.0,7125.0,1.37
"2020-10-29",549322.0,7185.0,1.31
"2020-10-30",569807.0,7708.0,1.35
"2020-10-31",470255.0,6601.0,1.4
"2020-11-01",437733.0,5221.0,1.19
"2020-11-02",547651.0,6272.0,1.15
"2020-11-03",564173.0,9501.0,1.68
"2020-11-04",536894.0,9919.0,1.85
"2020-11-05",617407.0,8625.0,1.4
"2020-11-06",621276.0,9120.0,1.47
"2020-11-07",597293.0,7746.0,1.3
"2020-11-08",489451.0,6381.0,1.3
"2020-11-09",508619.0,7545.0,1.48
"2020-11-10",569167.0,9645.0,1.69
"2020-11-11",622487.0,10356.0,1.66
"2020-11-12",637782.0,9653.0,1.51
"2020-11-13",658748.0,9855.0,1.5
"2020-11-14",584440.0,9085.0,1.55
"2020-11-15",488312.0,6924.0,1.42
"2020-11-16",524601.0,7984.0,1.52
"2020-11-17",600089.0,10856.0,1.81
"2020-11-18",619319.0,11348.0,1.83
"2020-11-19",651341.0,11027.0,1.69
"2020-11-20",671044.0,11664.0,1.74
"2020-11-21",589681.0,9218.0,1.56
"2020-11-22",495742.0,7611.0,1.54
"2020-11-23",532239.0,8664.0,1.63
"2020-11-24",588133.0,12407.0,2.11
"2020-11-25",613849.0,11906.0,1.94
"2020-11-26",585956.0,10847.0,1.85
"2020-11-27",691977.0,11432.0,1.65
"2020-11-28",604142.0,9454.0,1.56
"2020-11-29",492961.0,7619.0,1.55
"2020-11-30",504425.0,8990.0,1.78
"2020-12-01",612443.0,12341.0,2.02
"2020-12-02",636093.0,12325.0,1.94
"2020-12-03",686157.0,12615.0,1.84
"2020-12-04",691472.0,12310.0,1.78
"2020-12-05",637439.0,10497.0,1.65
"2020-12-06",539715.0,7954.0,1.47
"2020-12-07",531803.0,8801.0,1.65
"2020-12-08",626396.0,11855.0,1.89
"2020-12-09",658648.0,12415.0,1.88
"2020-12-10",663894.0,12247.0,1.84
"2020-12-11",697415.0,12980.0,1.86
"2020-12-12",640593.0,10675.0,1.67
"2020-12-13",530702.0,8087.0,1.52
"2020-12-14",546044.0,9018.0,1.65
"2020-12-15",640949.0,13016.0,2.03
"2020-12-16",707598.0,13758.0,1.94
"2020-12-17",729406.0,12987.0,1.78
"2020-12-18",712686.0,12765.0,1.79
"2020-12-19",624302.0,11002.0,1.76
"2020-12-20",537728.0,8222.0,1.53
"2020-12-21",537586.0,9270.0,1.72
"2020-12-22",641794.0,13537.0,2.11
"2020-12-23",668042.0,13336.0,2.0
"2020-12-24",678966.0,11879.0,1.75
"2020-12-25",503886.0,8737.0,1.73
"2020-12-26",495503.0,7696.0,1.55
"2020-12-27",403631.0,7904.0,1.96
"2020-12-28",491863.0,9220.0,1.87
"2020-12-29",662084.0,14476.0,2.19
"2020-12-30",707597.0,14953.0,2.11
"2020-12-31",821572.0,13059.0,1.59
"2021-01-01",569913.0,9740.0,1.71
"2021-01-02",566247.0,8548.0,1.51
"2021-01-03",508399.0,7563.0,1.49
"2021-01-04",545029.0,9516.0,1.75
"2021-01-05",726387.0,14902.0,2.05
"2021-01-06",769213.0,14078.0,1.83
"2021-01-07",848883.0,14524.0,1.71
"2021-01-08",813536.0,14597.0,1.79
"2021-01-09",734488.0,12957.0,1.76
"2021-01-10",584080.0,9216.0,1.58
"2021-01-11",599554.0,9868.0,1.65
"2021-01-12",679260.0,16231.0,2.39
"2021-01-13",724744.0,15677.0,2.16
"2021-01-14",740570.0,15003.0,2.03
"2021-01-15",769003.0,15104.0,1.96
"2021-01-16",642815.0,13650.0,2.12
"2021-01-17",515301.0,9581.0,1.86
"2021-01-18",508217.0,10102.0,1.99
"2021-01-19",582974.0,14870.0,2.55
"2021-01-20",674497.0,17167.0,2.55
"2021-01-21",657403.0,16686.0,2.54
"2021-01-22",651805.0,15495.0,2.38
"2021-01-23",564344.0,14066.0,2.49
"2021-01-24",453801.0,9458.0,2.08
"2021-01-25",477047.0,10899.0,2.28
"2021-01-26",555211.0,16735.0,3.01
"2021-01-27",593920.0,16167.0,2.72
"2021-01-28",607933.0,16012.0,2.63
"2021-01-29",582828.0,15203.0,2.61
"2021-01-30",509487.0,13005.0,2.55
"2021-01-31",392020.0,9334.0,2.38
"2021-02-01",440483.0,10015.0,2.27
"2021-02-02",462839.0,14305.0,3.09
"2021-02-03",521212.0,15469.0,2.97
"2021-02-04",467985.0,12667.0,2.71
"2021-02-05",532744.0,16888.0,3.17
"2021-02-06",431956.0,11579.0,2.68
"2021-02-07",349085.0,7657.0,2.19
"2021-02-08",338572.0,9465.0,2.8
"2021-02-09",405470.0,14341.0,3.54
"2021-02-10",437297.0,13583.0,3.11
"2021-02-11",441281.0,13637.0,3.09
"2021-02-12",426808.0,12596.0,2.95
"2021-02-13",378072.0,10533.0,2.79
"2021-02-14",306887.0,7027.0,2.29
"2021-02-15",279772.0,7623.0,2.72
"2021-02-16",358561.0,10880.0,3.03
"2021-02-17",384041.0,11188.0,2.91
"2021-02-18",408467.0,11760.0,2.88
"2021-02-19",407744.0,11502.0,2.82
"2021-02-20",373471.0,9029.0,2.42
"2021-02-21",318124.0,6677.0,2.1
"2021-02-22",294793.0,7155.0,2.43
"2021-02-23",391731.0,11218.0,2.86
"2021-02-24",443102.0,12336.0,2.78
"2021-02-25",451304.0,10763.0,2.38
"2021-02-26",440305.0,10440.0,2.37
"2021-02-27",395266.0,8574.0,2.17
"2021-02-28",306611.0,6446.0,2.1
"2021-03-01",304966.0,7523.0,2.47
"2021-03-02",386745.0,10055.0,2.6
"2021-03-03",440412.0,11410.0,2.59
"2021-03-04",457042.0,10367.0,2.27
"2021-03-05",447803.0,10379.0,2.32
"2021-03-06",412784.0,8240.0,2.0
"2021-03-07",373577.0,6049.0,1.62
"2021-03-08",304882.0,7065.0,2.32
"2021-03-09",413047.0,10392.0,2.52
"2021-03-10",457387.0,10047.0,2.2
"2021-03-11",488211.0,10119.0,2.07
"2021-03-12",488032.0,9791.0,2.01
"2021-03-13",454062.0,8527.0,1.88
"2021-03-14",364066.0,5856.0,1.61
"2021-03-15",353497.0,7469.0,2.11
"2021-03-16",466097.0,10482.0,2.25
"2021-03-17",544188.0,10516.0,1.93
"2021-03-18",546467.0,10630.0,1.95
"2021-03-19",561079.0,10508.0,1.87
"2021-03-20",497052.0,8740.0,1.76
"2021-03-21",439413.0,8525.0,1.94
"2021-03-22",422804.0,7882.0,1.86
"2021-03-23",505364.0,11402.0,2.26
"2021-03-24",630661.0,10552.0,1.67
"2021-03-25",650638.0,11391.0,1.75
"2021-03-26",638521.0,12706.0,1.99
"2021-03-27",583138.0,10165.0,1.74
"2021-03-28",491689.0,7270.0,1.48
"2021-03-29",458757.0,8618.0,1.88
"2021-03-30",561450.0,11830.0,2.11
"2021-03-31",672482.0,12870.0,1.91
"2021-04-01",708530.0,12252.0,1.73
"2021-04-02",643529.0,10598.0,1.65
"2021-04-03",539560.0,9332.0,1.73
"2021-04-04",559459.0,7396.0,1.32
"2021-04-05",496564.0,8246.0,1.66
"2021-04-06",607050.0,12420.0,2.05
"2021-04-07",662401.0,15283.0,2.31
"2021-04-08",834689.0,14243.0,1.71
"2021-04-09",750917.0,14293.0,1.9
"2021-04-10",669340.0,12978.0,1.94
"2021-04-11",708675.0,9056.0,1.28
"2021-04-12",613218.0,9871.0,1.61
"2021-04-13",762954.0,13729.0,1.8
"2021-04-14",809734.0,14019.0,1.73
"2021-04-15",819849.0,13585.0,1.66
"2021-04-16",858447.0,13287.0,1.55
"2021-04-17",792686.0,12567.0,1.59
"2021-04-18",699018.0,9111.0,1.3
"2021-04-19",690223.0,11113.0,1.61
"2021-04-20",838619.0,14164.0,1.69
"2021-04-21",887694.0,14702.0,1.66
"2021-04-22",897959.0,13868.0,1.54
"2021-04-23",906053.0,15189.0,1.68
"2021-04-24",822825.0,13073.0,1.59
"2021-04-25",727379.0,10750.0,1.48
"2021-04-26",688222.0,11595.0,1.68
"2021-04-27",838205.0,14950.0,1.78
"2021-04-28",897574.0,15898.0,1.77
"2021-04-29",892952.0,15694.0,1.76
"2021-04-30",889706.0,14404.0,1.62
"2021-05-01",793266.0,12984.0,1.64
"2021-05-02",686047.0,10315.0,1.5
"2021-05-03",689560.0,11650.0,1.69
"2021-05-04",783761.0,14033.0,1.79
"2021-05-05",839949.0,14859.0,1.77
"2021-05-06",870682.0,14513.0,1.67
"2021-05-07",832583.0,14403.0,1.73
"2021-05-08",788289.0,13329.0,1.69
"2021-05-09",645436.0,10426.0,1.62
"2021-05-10",624531.0,11002.0,1.76
"2021-05-11",724263.0,14100.0,1.95
"2021-05-12",764741.0,14068.0,1.84
"2021-05-13",731468.0,13396.0,1.83
"2021-05-14",706443.0,12916.0,1.83
"2021-05-15",628848.0,12225.0,1.94
"2021-05-16",544036.0,10275.0,1.89
"2021-05-17",541784.0,11280.0,2.08
"2021-05-18",619637.0,13997.0,2.26
"2021-05-19",668549.0,13290.0,1.99
"2021-05-20",627499.0,13118.0,2.09
"2021-05-21",623154.0,12827.0,2.06
"2021-05-22",568113.0,11392.0,2.01
"2021-05-23",478724.0,9832.0,2.05
"2021-05-24",448706.0,9078.0,2.02
"2021-05-25",533398.0,12881.0,2.41
"2021-05-26",560742.0,12705.0,2.27
"2021-05-27",542464.0,12847.0,2.37
"2021-05-28",500945.0,11898.0,2.38
"2021-05-29",475905.0,10738.0,2.26
"2021-05-30",389945.0,8400.0,2.15
"2021-05-31",380507.0,8553.0,2.25
"2021-06-01",456386.0,10847.0,2.38
"2021-06-02",481841.0,11811.0,2.45
"2021-06-03",475149.0,10110.0,2.13
"2021-06-04",419247.0,10593.0,2.53
"2021-06-05",391200.0,9314.0,2.38
"2021-06-06",317907.0,7261.0,2.28
"2021-06-07",318482.0,7990.0,2.51
"2021-06-08",365897.0,10535.0,2.88
"2021-06-09",409413.0,10056.0,2.46
"2021-06-10",444351.0,8507.0,1.91
"2021-06-11",414021.0,11558.0,2.79
"2021-06-12",359055.0,9695.0,2.7
"2021-06-13",295139.0,9212.0,3.12
"2021-06-14",303742.0,7882.0,2.59
"2021-06-15",366323.0,10543.0,2.88
"2021-06-16",375920.0,9946.0,2.65
"2021-06-17",384224.0,9200.0,2.39
"2021-06-18",392991.0,9076.0,2.31
"2021-06-19",334824.0,8031.0,2.4
"2021-06-20",290495.0,6656.0,2.29
"2021-06-21",287492.0,6890.0,2.4
"2021-06-22",399115.0,8691.0,2.18
"2021-06-23",379126.0,9180.0,2.42
"2021-06-24",393155.0,8511.0,2.16
"2021-06-25",398894.0,9019.0,2.26
"2021-06-26",344924.0,7386.0,2.14
"2021-06-27",296171.0,5972.0,2.02
"2021-06-28",320777.0,6423.0,2.0
"2021-06-29",367838.0,7934.0,2.16
"2021-06-30",379953.0,8825.0,2.32
"2021-07-01",413900.0,8159.0,1.97
"2021-07-02",418024.0,8070.0,1.93
"2021-07-03",347928.0,6742.0,1.94
"2021-07-04",311629.0,6315.0,2.03
"2021-07-05",364124.0,7038.0,1.93
"2021-07-06",434950.0,8027.0,1.85
"2021-07-07",443749.0,8144.0,1.84
"2021-07-08",458853.0,8459.0,1.84
"2021-07-09",490668.0,8041.0,1.64
"2021-07-10",400257.0,7024.0,1.75
"2021-07-11",354170.0,7488.0,2.11
"2021-07-12",421149.0,7884.0,1.87
"2021-07-13",512968.0,7750.0,1.51
"2021-07-14",520289.0,8144.0,1.57
"2021-07-15",559783.0,8259.0,1.48
"2021-07-16",579717.0,8348.0,1.44
"2021-07-17",475537.0,7241.0,1.52
"2021-07-18",409841.0,6422.0,1.57
"2021-07-19",479137.0,6980.0,1.46
"2021-07-20",523212.0,11320.0,2.16
"2021-07-21",539579.0,8150.0,1.51
"2021-07-22",550074.0,8347.0,1.52
"2021-07-23",714213.0,7881.0,1.1
"2021-07-24",480925.0,8279.0,1.72
"2021-07-25",437106.0,7097.0,1.62
"2021-07-26",531508.0,8231.0,1.55
"2021-07-27",598415.0,9471.0,1.58
"2021-07-28",632640.0,9555.0,1.51
"2021-07-29",629123.0,9742.0,1.55
"2021-07-30",719380.0,9356.0,1.3
"2021-07-31",507135.0,8530.0,1.68
"2021-08-01",476323.0,7240.0,1.52
"2021-08-02",560987.0,7854.0,1.4
"2021-08-03",625122.0,9797.0,1.57
"2021-08-04",667222.0,10071.0,1.51
"2021-08-05",671865.0,10533.0,1.57
"2021-08-06",805856.0,9997.0,1.24
"2021-08-07",552058.0,8429.0,1.53
"2021-08-08",460787.0,7306.0,1.59
"2021-08-09",605966.0,8599.0,1.42
"2021-08-10",639052.0,11339.0,1.77
"2021-08-11",723257.0,9950.0,1.38
"2021-08-12",691371.0,10040.0,1.45
"2021-08-13",787970.0,10087.0,1.28
"2021-08-14",545410.0,8505.0,1.56
"2021-08-15",461190.0,7179.0,1.56
"2021-08-16",645953.0,9545.0,1.48
"2021-08-17",671846.0,10154.0,1.51
"2021-08-18",720952.0,10436.0,1.45
"2021-08-19",697907.0,11136.0,1.6
"2021-08-20",770995.0,10211.0,1.32
"2021-08-21",553749.0,8669.0,1.57
"2021-08-22",444289.0,7613.0,1.71
"2021-08-23",661281.0,9871.0,1.49
"2021-08-24",666339.0,10654.0,1.6
"2021-08-25",724164.0,10800.0,1.49
"2021-08-26",723596.0,11238.0,1.55
"2021-08-27",739048.0,10050.0,1.36
"2021-08-28",557291.0,8181.0,1.47
"2021-08-29",447414.0,6702.0,1.5
"2021-08-30",647465.0,9300.0,1.44
"2021-08-31",613416.0,9167.0,1.49
"2021-09-01",709714.0,12187.0,1.72
"2021-09-02",669116.0,10789.0,1.61
"2021-09-03",714453.0,10479.0,1.47
"2021-09-04",499007.0,7609.0,1.52
"2021-09-05",451386.0,6524.0,1.45
"2021-09-06",452289.0,7914.0,1.75
"2021-09-07",650629.0,10187.0,1.57
"2021-09-08",630864.0,9844.0,1.56
"2021-09-09",633798.0,10575.0,1.67
"2021-09-10",652930.0,8904.0,1.36
"2021-09-11",474257.0,8272.0,1.74
"2021-09-12",374698.0,5546.0,1.48
"2021-09-13",556709.0,8983.0,1.61
"2021-09-14",546033.0,9610.0,1.76
"2021-09-15",563527.0,10267.0,1.82
"2021-09-16",583070.0,10209.0,1.75
"2021-09-17",619619.0,8880.0,1.43
"2021-09-18",404506.0,6389.0,1.58
"2021-09-19",368406.0,6073.0,1.65
"2021-09-20",512458.0,8259.0,1.61
"2021-09-21",486405.0,9200.0,1.89
"2021-09-22",532080.0,9599.0,1.8
"2021-09-23",544777.0,9693.0,1.78
"2021-09-24",547027.0,8386.0,1.53
"2021-09-25",379600.0,5506.0,1.45
"2021-09-26",362569.0,5508.0,1.52
"2021-09-27",467219.0,7526.0,1.61
"2021-09-28",449510.0,9175.0,2.04
"2021-09-29",491067.0,9295.0,1.89
"2021-09-30",486026.0,8669.0,1.78
"2021-10-01",520407.0,8555.0,1.64
"2021-10-02",357785.0,5934.0,1.66
"2021-10-03",314373.0,4342.0,1.38
"2021-10-04",431972.0,7126.0,1.65
"2021-10-05",421978.0,7269.0,1.72
"2021-10-06",505970.0,9076.0,1.79
"2021-10-07",460743.0,8846.0,1.92
"2021-10-08",474540.0,7641.0,1.61
"2021-10-09",348163.0,4832.0,1.39
"2021-10-10",323353.0,4757.0,1.47
"2021-10-11",371307.0,5846.0,1.57
"2021-10-12",437513.0,7895.0,1.8
"2021-10-13",455518.0,8869.0,1.95
"2021-10-14",453423.0,7969.0,1.76
"2021-10-15",457297.0,7150.0,1.56
"2021-10-16",351594.0,5394.0,1.53
"2021-10-17",321496.0,4353.0,1.35
"2021-10-18",407921.0,6501.0,1.59
"2021-10-19",431031.0,7932.0,1.84
"2021-10-20",475738.0,8589.0,1.81
"2021-10-21",461414.0,7679.0,1.66
"2021-10-22",492301.0,8114.0,1.65
"2021-10-23",384839.0,5950.0,1.55
"2021-10-24",322567.0,4652.0,1.44
"2021-10-25",423339.0,6784.0,1.6
"2021-10-26",426017.0,7690.0,1.81
"2021-10-27",513532.0,9082.0,1.77
"2021-10-28",482392.0,8877.0,1.84
"2021-10-29",493649.0,7773.0,1.57
"2021-10-30",395697.0,6079.0,1.54
"2021-10-31",365393.0,4654.0,1.27
"2021-11-01",419048.0,6365.0,1.52
"2021-11-02",404121.0,7039.0,1.74
"2021-11-03",524427.0,8442.0,1.61
"2021-11-04",517066.0,7539.0,1.46
"2021-11-05",523891.0,8541.0,1.63
"2021-11-06",439245.0,6761.0,1.54
"2021-11-07",363923.0,4639.0,1.27
"2021-11-08",467285.0,6625.0,1.42
"2021-11-09",468986.0,7970.0,1.7
"2021-11-10",573246.0,8222.0,1.43
"2021-11-11",520674.0,7657.0,1.47
"2021-11-12",599211.0,8985.0,1.5
"2021-11-13",440288.0,6510.0,1.48
"2021-11-14",381286.0,4774.0,1.25
"2021-11-15",522754.0,6836.0,1.31
"2021-11-16",506415.0,7600.0,1.5
"2021-11-17",614599.0,9150.0,1.49
"2021-11-18",620850.0,8251.0,1.33
"2021-11-19",613715.0,7974.0,1.3
"2021-11-20",500811.0,6266.0,1.25
"2021-11-21",421553.0,4710.0,1.12
"2021-11-22",597614.0,7122.0,1.19
"2021-11-23",574877.0,7975.0,1.39
"2021-11-24",656058.0,8548.0,1.3
"2021-11-25",594886.0,7740.0,1.3
"2021-11-26",610557.0,6883.0,1.13
"2021-11-27",482431.0,6160.0,1.28
"2021-11-28",431121.0,5000.0,1.16
"2021-11-29",628384.0,7496.0,1.19
"2021-11-30",595731.0,8009.0,1.34
"2021-12-01",693544.0,9219.0,1.33
"2021-12-02",695766.0,10063.0,1.45
"2021-12-03",714465.0,8562.0,1.2
"2021-12-04",520219.0,5875.0,1.13
"2021-12-05",450359.0,7511.0,1.67
"2021-12-06",590790.0,6981.0,1.18
"2021-12-07",625822.0,7701.0,1.23
"2021-12-08",691290.0,8263.0,1.2
"2021-12-09",675639.0,8548.0,1.27
"2021-12-10",674392.0,7993.0,1.19
"2021-12-11",503245.0,6309.0,1.25
"2021-12-12",421105.0,4703.0,1.12
"2021-12-13",594222.0,6285.0,1.06
"2021-12-14",612637.0,7715.0,1.26
"2021-12-15",713710.0,8975.0,1.26
"2021-12-16",719062.0,7310.0,1.02
"2021-12-17",746716.0,7265.0,0.97
"2021-12-18",556333.0,6035.0,1.08
"2021-12-19",498600.0,4522.0,0.91
"2021-12-20",729279.0,6585.0,0.9
"2021-12-21",742926.0,7463.0,1.0
"2021-12-22",893286.0,10273.0,1.15
"2021-12-23",990333.0,7183.0,0.73
"2021-12-24",872292.0,5982.0,0.69
"2021-12-25",688952.0,4440.0,0.64
"2021-12-26",579982.0,3877.0,0.67
"2021-12-27",1270012.0,6339.0,0.5
"2021-12-28",1328678.0,7659.0,0.58
"2021-12-29",1695465.0,7873.0,0.46
"2021-12-30",1935744.0,7298.0,0.38
"2021-12-31",1731607.0,6013.0,0.35
"2022-01-01",1218935.0,4393.0,0.36
"2022-01-02",926189.0,3358.0,0.36
"2022-01-03",2353659.0,5797.0,0.25
"2022-01-04",2505432.0,7967.0,0.32
"2022-01-05",2572666.0,7667.0,0.3
"2022-01-06",2657530.0,7057.0,0.27
"2022-01-07",2944086.0,7107.0,0.24
"2022-01-08",2183018.0,5355.0,0.25
"2022-01-09",2036498.0,4052.0,0.2
"2022-01-10",3157015.0,6495.0,0.21
"2022-01-11",3023222.0,8987.0,0.3
"2022-01-12",3439948.0,8843.0,0.26
"2022-01-13",3179640.0,8070.0,0.25
"2022-01-14",3311360.0,7839.0,0.24
"2022-01-15",2500626.0,6203.0,0.25
"2022-01-16",2220702.0,4470.0,0.2
"2022-01-17",2644473.0,6137.0,0.23
"2022-01-18",3760596.0,8986.0,0.24
"2022-01-19",4083951.0,9932.0,0.24
"2022-01-20",3723992.0,9365.0,0.25
"2022-01-21",3827584.0,9863.0,0.26
"2022-01-22",2780038.0,6086.0,0.22
"2022-01-23",2465594.0,5103.0,0.21
"2022-01-24",3412222.0,8235.0,0.24
"2022-01-25",3650412.0,10710.0,0.29
"2022-01-26",3757140.0,10622.0,0.28
"2022-01-27",3694804.0,10142.0,0.27
"2022-01-28",3675164.0,12214.0,0.33
"2022-01-29",2747875.0,7951.0,0.29
"2022-01-30",2292783.0,5490.0,0.24
"2022-01-31",2731918.0,10127.0,0.37
"2022-02-01",3126103.0,12286.0,0.39
"2022-02-02",3180280.0,11712.0,0.37
"2022-02-03",3189919.0,11556.0,0.36
"2022-02-04",2955426.0,13163.0,0.45
"2022-02-05",2314408.0,8111.0,0.35
"2022-02-06",1893662.0,5997.0,0.32
"2022-02-07",2622377.0,10724.0,0.41
"2022-02-08",2598478.0,12527.0,0.48
"2022-02-09",2427223.0,12915.0,0.53
"2022-02-10",2810718.0,11674.0,0.42
"2022-02-11",2421871.0,11836.0,0.49
"2022-02-12",1931874.0,8710.0,0.45
"2022-02-13",1528983.0,5321.0,0.35
"2022-02-14",1707017.0,10721.0,0.63
"2022-02-15",1873799.0,10472.0,0.56
"2022-02-16",2238463.0,13021.0,0.58
"2022-02-17",2058920.0,11778.0,0.57
"2022-02-18",1980405.0,10296.0,0.52
"2022-02-19",1663740.0,8247.0,0.5
"2022-02-20",1310072.0,5400.0,0.41
"2022-02-21",1397222.0,7141.0,0.51
"2022-02-22",1670911.0,9988.0,0.6
"2022-02-23",1913855.0,11877.0,0.62
"2022-02-24",1785255.0,10767.0,0.6
"2022-02-25",1651955.0,8939.0,0.54
"2022-02-26",1447378.0,6744.0,0.47
"2022-02-27",1158796.0,4719.0,0.41
"2022-02-28",1324303.0,7190.0,0.54
"2022-03-01",1596419.0,8457.0,0.53
"2022-03-02",1656649.0,8145.0,0.49
"2022-03-03",1773013.0,8134.0,0.46
"2022-03-04",1760273.0,8698.0,0.49
"2022-03-05",1480745.0,5870.0,0.4
"2022-03-06",1225466.0,4278.0,0.35
"2022-03-07",1431459.0,7308.0,0.51
"2022-03-08",1739091.0,7195.0,0.41
"2022-03-09",1830144.0,7841.0,0.43
"2022-03-10",1869248.0,7510.0,0.4
"2022-03-11",1870675.0,6539.0,0.35
"2022-03-12",1796173.0,4976.0,0.28
"2022-03-13",1283251.0,3587.0,0.28
"2022-03-14",1613466.0,5315.0,0.33
"2022-03-15",1806918.0,5616.0,0.31
"2022-03-16",2234298.0,6849.0,0.31
"2022-03-17",2075881.0,6680.0,0.32
"2022-03-18",1889744.0,5489.0,0.29
"2022-03-19",1738311.0,4064.0,0.23
"2022-03-20",1091720.0,3371.0,0.31
"2022-03-21",1487394.0,4640.0,0.31
"2022-03-22",1975512.0,5073.0,0.26
"2022-03-23",1802137.0,5977.0,0.33
"2022-03-24",1778907.0,5261.0,0.3
"2022-03-25",1757674.0,8946.0,0.51
"2022-03-26",1374929.0,3071.0,0.22
"2022-03-27",960980.0,2683.0,0.28
"2022-03-28",1480175.0,3949.0,0.27
"2022-03-29",1749824.0,4932.0,0.28
"2022-03-30",1594208.0,4884.0,0.31
"2022-03-31",1813667.0,4800.0,0.26
"2022-04-01",1166246.0,4216.0,0.36
"2022-04-02",1069064.0,2864.0,0.27
"2022-04-03",804300.0,1941.0,0.24
"2022-04-04",921536.0,3029.0,0.33
"2022-04-05",1362799.0,4148.0,0.3
"2022-04-06",1419453.0,4475.0,0.32
"2022-04-07",1250214.0,4299.0,0.34
"2022-04-08",1148259.0,3917.0,0.34
"2022-04-09",796544.0,2344.0,0.29
"2022-04-10",591582.0,1785.0,0.3
"2022-04-11",949287.0,2791.0,0.29
"2022-04-12",1093879.0,3325.0,0.3
"2022-04-13",1060901.0,4014.0,0.38
"2022-04-14",954980.0,3458.0,0.36
"2022-04-15",702478.0,2498.0,0.36
"2022-04-16",593023.0,1621.0,0.27
"2022-04-17",427411.0,1542.0,0.36
"2022-04-18",478891.0,1553.0,0.32
"2022-04-19",938200.0,3063.0,0.33
"2022-04-20",946453.0,4153.0,0.44
"2022-04-21",892549.0,3018.0,0.34
"2022-04-22",800394.0,2697.0,0.34
"2022-04-23",513299.0,1600.0,0.31
"2022-04-24",382204.0,1167.0,0.31
"2022-04-25",577891.0,2151.0,0.37
"2022-04-26",637184.0,3956.0,0.62
"2022-04-27",807689.0,3390.0,0.42
"2022-04-28",726749.0,2954.0,0.41
"2022-04-29",625114.0,2493.0,0.4
"2022-04-30",359279.0,1454.0,0.4
"2022-05-01",308806.0,1207.0,0.39
"2022-05-02",455252.0,1807.0,0.4
"2022-05-03",662042.0,2198.0,0.33
"2022-05-04",610611.0,3645.0,0.6
"2022-05-05",578900.0,2206.0,0.38
"2022-05-06",608601.0,2090.0,0.34
"2022-05-07",338933.0,1130.0,0.33
"2022-05-08",276702.0,839.0,0.3
"2022-05-09",710707.0,1900.0,0.27
"2022-05-10",623383.0,1986.0,0.32
"2022-05-11",676453.0,2152.0,0.32
"2022-05-12",623893.0,1930.0,0.31
"2022-05-13",557474.0,1754.0,0.31
"2022-05-14",436495.0,957.0,0.22
"2022-05-15",371605.0,775.0,0.21
"2022-05-16",604136.0,1657.0,0.27
"2022-05-17",589506.0,1746.0,0.3
"2022-05-18",738891.0,2317.0,0.31
"2022-05-19",587740.0,1696.0,0.29
"2022-05-20",605763.0,1935.0,0.32
"2022-05-21",365916.0,1062.0,0.29
"2022-05-22",326081.0,687.0,0.21
"2022-05-23",537981.0,1582.0,0.29
"2022-05-24",575077.0,1605.0,0.28
"2022-05-25",629008.0,2559.0,0.41
"2022-05-26",505084.0,1461.0,0.29
"2022-05-27",564798.0,1880.0,0.33
"2022-05-28",284149.0,740.0,0.26
"2022-05-29",275608.0,615.0,0.22
"2022-05-30",405184.0,1229.0,0.3
"2022-05-31",615771.0,1449.0,0.24
"2022-06-01",689416.0,2035.0,0.3
"2022-06-02",521639.0,1603.0,0.31
"2022-06-03",539926.0,1504.0,0.28
"2022-06-04",251336.0,636.0,0.25
"2022-06-05",265137.0,809.0,0.31
"2022-06-06",436579.0,972.0,0.22
"2022-06-07",647561.0,1998.0,0.31
"2022-06-08",697616.0,2512.0,0.36
"2022-06-09",562998.0,1524.0,0.27
"2022-06-10",542290.0,1661.0,0.31
"2022-06-11",282752.0,905.0,0.32
"2022-06-12",202552.0,570.0,0.28
"2022-06-13",562595.0,1712.0,0.3
"2022-06-14",842863.0,1781.0,0.21
"2022-06-15",717007.0,1942.0,0.27
"2022-06-16",519589.0,1427.0,0.27
"2022-06-17",584220.0,1295.0,0.22
"2022-06-18",228485.0,643.0,0.28
"2022-06-19",273398.0,665.0,0.24
"2022-06-20",790113.0,1651.0,0.21
"2022-06-21",812393.0,1613.0,0.2
"2022-06-22",803729.0,1976.0,0.25
"2022-06-23",771102.0,1786.0,0.23
"2022-06-24",757493.0,1767.0,0.23
"2022-06-25",315776.0,773.0,0.24
"2022-06-26",286873.0,659.0,0.23
"2022-06-27",924669.0,1492.0,0.16
"2022-06-28",933319.0,1987.0,0.21
"2022-06-29",930131.0,1736.0,0.19
"2022-06-30",1058288.0,1645.0,0.16
"2022-07-01",935047.0,1863.0,0.2
"2022-07-02",358825.0,807.0,0.22
"2022-07-03",359566.0,735.0,0.2
"2022-07-04",898369.0,1145.0,0.13
"2022-07-05",1187527.0,2193.0,0.18
"2022-07-06",1230324.0,2342.0,0.19
"2022-07-07",1034110.0,2691.0,0.26
"2022-07-08",982906.0,2301.0,0.23
"2022-07-09",503528.0,992.0,0.2
"2022-07-10",426128.0,853.0,0.2
"2022-07-11",1108298.0,1844.0,0.17
"2022-07-12",1195940.0,2384.0,0.2
"2022-07-13",1450531.0,2655.0,0.18
"2022-07-14",959619.0,2023.0,0.21
"2022-07-15",1014550.0,2345.0,0.23
"2022-07-16",551464.0,1042.0,0.19
"2022-07-17",459217.0,986.0,0.21
"2022-07-18",1236116.0,2052.0,0.17
"2022-07-19",1524800.0,3092.0,0.2
"2022-07-20",1597988.0,2948.0,0.18
"2022-07-21",1124587.0,2459.0,0.22
"2022-07-22",1078429.0,2895.0,0.27
"2022-07-23",636555.0,1255.0,0.2
"2022-07-24",550848.0,1031.0,0.19
"2022-07-25",1026409.0,2010.0,0.2
"2022-07-26",1174717.0,2908.0,0.25
"2022-07-27",1408999.0,3348.0,0.24
"2022-07-28",1095255.0,2709.0,0.25
"2022-07-29",1355808.0,2998.0,0.22
"2022-07-30",576042.0,1075.0,0.19
"2022-07-31",544826.0,922.0,0.17
"2022-08-01",909408.0,2489.0,0.27
"2022-08-02",1175599.0,2916.0,0.25
"2022-08-03",1142484.0,3172.0,0.28
"2022-08-04",1045778.0,3105.0,0.3
"2022-08-05",891016.0,2951.0,0.33
"2022-08-06",1024063.0,1699.0,0.17
"2022-08-07",496053.0,940.0,0.19
"2022-08-08",845796.0,2337.0,0.28
"2022-08-09",1034282.0,3599.0,0.35
"2022-08-10",1014064.0,2677.0,0.26
"2022-08-11",994995.0,3187.0,0.32
"2022-08-12",748877.0,2826.0,0.38
"2022-08-13",635569.0,1442.0,0.23
"2022-08-14",460438.0,994.0,0.22
"2022-08-15",873339.0,2406.0,0.28
"2022-08-16",1086800.0,3479.0,0.32
"2022-08-17",981516.0,3186.0,0.32
"2022-08-18",932420.0,2926.0,0.31
"2022-08-19",790860.0,2692.0,0.34
"2022-08-20",574047.0,1162.0,0.2
"2022-08-21",484495.0,1719.0,0.35
"2022-08-22",735000.0,1639.0,0.22
"2022-08-23",881993.0,2930.0,0.33
"2022-08-24",831494.0,3026.0,0.36
"2022-08-25",901917.0,3012.0,0.33
"2022-08-26",697800.0,2572.0,0.37
"2022-08-27",452357.0,1177.0,0.26
"2022-08-28",406006.0,1021.0,0.25
"2022-08-29",598441.0,2038.0,0.34
"2022-08-30",693423.0,2394.0,0.35
"2022-08-31",792476.0,3492.0,0.44
"2022-09-01",673798.0,2551.0,0.38
"2022-09-02",652694.0,2717.0,0.42
"2022-09-03",376414.0,1047.0,0.28
"2022-09-04",370168.0,1111.0,0.3
"2022-09-05",477970.0,1425.0,0.3
"2022-09-06",670884.0,2336.0,0.35
"2022-09-07",611264.0,2184.0,0.36
"2022-09-08",577517.0,2218.0,0.38
"2022-09-09",519525.0,2301.0,0.44
"2022-09-10",312962.0,899.0,0.29
"2022-09-11",314105.0,785.0,0.25
"2022-09-12",509940.0,1531.0,0.3
"2022-09-13",544660.0,1993.0,0.37
"2022-09-14",706262.0,2539.0,0.36
"2022-09-15",602899.0,2417.0,0.4
"2022-09-16",453201.0,2005.0,0.44
"2022-09-17",294809.0,825.0,0.28
"2022-09-18",254547.0,584.0,0.23
"2022-09-19",440306.0,1449.0,0.33
"2022-09-20",550254.0,1762.0,0.32
"2022-09-21",518105.0,2077.0,0.4
"2022-09-22",612832.0,2155.0,0.35
"2022-09-23",513768.0,1853.0,0.36
"2022-09-24",265134.0,806.0,0.3
"2022-09-25",222503.0,507.0,0.23
"2022-09-26",464832.0,1408.0,0.3
"2022-09-27",605720.0,1618.0,0.27
"2022-09-28",533096.0,2331.0,0.44
"2022-09-29",660808.0,2284.0,0.35
"2022-09-30",449552.0,1448.0,0.32
"2022-10-01",240915.0,669.0,0.28
"2022-10-02",200704.0,564.0,0.28
"2022-10-03",319681.0,1364.0,0.43
"2022-10-04",658996.0,1613.0,0.24
"2022-10-05",581130.0,2189.0,0.38
"2022-10-06",681733.0,1989.0,0.29
"2022-10-07",522264.0,1807.0,0.35
"2022-10-08",218907.0,710.0,0.32
"2022-10-09",218369.0,631.0,0.29
"2022-10-10",503649.0,1373.0,0.27
"2022-10-11",654077.0,1921.0,0.29
"2022-10-12",558127.0,1879.0,0.34
"2022-10-13",631160.0,2112.0,0.33
"2022-10-14",454260.0,1638.0,0.36
"2022-10-15",217609.0,776.0,0.36
"2022-10-16",192046.0,546.0,0.28
"2022-10-17",534510.0,1808.0,0.34
"2022-10-18",608821.0,1884.0,0.31
"2022-10-19",514781.0,2266.0,0.44
"2022-10-20",570229.0,2109.0,0.37
"2022-10-21",412346.0,2014.0,0.49
"2022-10-22",182238.0,616.0,0.34
"2022-10-23",160682.0,593.0,0.37
"2022-10-24",426626.0,1472.0,0.35
"2022-10-25",573663.0,2147.0,0.37
"2022-10-26",450528.0,2494.0,0.55
"2022-10-27",459714.0,2072.0,0.45
"2022-10-28",349150.0,1414.0,0.4
"2022-10-29",198807.0,665.0,0.33
"2022-10-30",166751.0,600.0,0.36
"2022-10-31",300873.0,1203.0,0.4
"2022-11-01",382476.0,2772.0,0.72
"2022-11-02",396345.0,1793.0,0.45
"2022-11-03",470771.0,2247.0,0.48
"2022-11-04",425860.0,1896.0,0.45
"2022-11-05",201139.0,611.0,0.3
"2022-11-06",186252.0,541.0,0.29
"2022-11-07",327206.0,1204.0,0.37
"2022-11-08",436849.0,1248.0,0.29
"2022-11-09",424100.0,2121.0,0.5
"2022-11-10",454605.0,2067.0,0.45
"2022-11-11",482193.0,1667.0,0.35
"2022-11-12",241847.0,520.0,0.22
"2022-11-13",183286.0,505.0,0.28
"2022-11-14",365086.0,1372.0,0.38
"2022-11-15",493639.0,1492.0,0.3
"2022-11-16",479899.0,2310.0,0.48
"2022-11-17",473275.0,2030.0,0.43
"2022-11-18",627256.0,2317.0,0.37
"2022-11-19",247055.0,489.0,0.2
"2022-11-20",222145.0,587.0,0.26
"2022-11-21",356562.0,1116.0,0.31
"2022-11-22",565021.0,1886.0,0.33
"2022-11-23",594420.0,2184.0,0.37
"2022-11-24",411439.0,1447.0,0.35
"2022-11-25",691748.0,1990.0,0.29
"2022-11-26",270130.0,502.0,0.19
"2022-11-27",262533.0,577.0,0.22
"2022-11-28",426400.0,1224.0,0.29
"2022-11-29",726648.0,1559.0,0.21
"2022-11-30",526825.0,1656.0,0.31
"2022-12-01",699254.0,2317.0,0.33
"2022-12-02",758008.0,2232.0,0.29
"2022-12-03",299175.0,553.0,0.18
"2022-12-04",256539.0,585.0,0.23
"2022-12-05",523373.0,1427.0,0.27
"2022-12-06",622387.0,1650.0,0.27
"2022-12-07",629331.0,2127.0,0.34
"2022-12-08",803057.0,2822.0,0.35
"2022-12-09",663220.0,2055.0,0.31
"2022-12-10",273912.0,534.0,0.19
"2022-12-11",298710.0,587.0,0.2
"2022-12-12",596313.0,1683.0,0.28
"2022-12-13",770361.0,1863.0,0.24
"2022-12-14",692699.0,2460.0,0.36
"2022-12-15",745233.0,2556.0,0.34
"2022-12-16",724614.0,2601.0,0.36
"2022-12-17",300186.0,708.0,0.24
"2022-12-18",282702.0,674.0,0.24
"2022-12-19",604829.0,1703.0,0.28
"2022-12-20",702943.0,2120.0,0.3
"2022-12-21",703757.0,2416.0,0.34
"2022-12-22",745066.0,2648.0,0.36
